country,iso2,iso3,country_code,country_code_normalized
Afghanistan,AF,AFG,93,93
Albania,AL,ALB,355,355
Algeria,DZ,DZA,213,213
American Samoa,AS,ASM,1 684,1684
Andorra,AD,AND,376,376
Angola,AO,AGO,244,244
Anguilla,AI,AIA,1 264,1264
Antarctica,AQ,ATA,"672, 64","672,64"
Antigua and Barbuda,AG,ATG,1 268,1268
Argentina,AR,ARG,54,54
Armenia,AM,ARM,374,374
Aruba,AW,ABW,297,297
Ascension Island,AC,ASC,247,247
Australia,AU,AUS,61,61
Austria,AT,AUT,43,43
Azerbaijan,AZ,AZE,994,994
Bahamas,BS,BHS,1 242,1242
Bahrain,BH,BHR,973,973
Bangladesh,BD,BGD,880,880
Barbados,BB,BRB,1 246,1246
Belarus,BY,BLR,375,375
Belgium,BE,BEL,32,32
Belize,BZ,BLZ,501,501
Benin,BJ,BEN,229,229
Bermuda,BM,BMU,1 441,1441
Bhutan,BT,BTN,975,975
Bolivia,BO,BOL,591,591
Bosnia and Herzegovina,BA,BIH,387,387
Botswana,BW,BWA,267,267
Brazil,BR,BRA,55,55
British Virgin Islands,VG,VGB,1 284,1284
Brunei,BN,BRN,673,673
Bulgaria,BG,BGR,359,359
Burkina Faso,BF,BFA,226,226
Burma (Myanmar),MM,MMR,95,95
Burundi,BI,BDI,257,257
Cambodia,KH,KHM,855,855
Cameroon,CM,CMR,237,237
Canada,CA,CAN,1,1
Cape Verde,CV,CPV,238,238
Cayman Islands,KY,CYM,1 345,1345
Central African Republic,CF,CAF,236,236
Chad,TD,TCD,235,235
Chile,CL,CHL,56,56
China,CN,CHN,86,86
Christmas Island,CX,CXR,61,61
Cocos (Keeling) Islands,CC,CCK,61,61
Colombia,CO,COL,57,57
Comoros,KM,COM,269,269
Congo,CG,COG,242,242
Cook Islands,CK,COK,682,682
Costa Rica,CR,CRC,506,506
Croatia,HR,HRV,385,385
Cuba,CU,CUB,53,53
Cyprus,CY,CYP,357,357
Czech Republic,CZ,CZE,420,420
Democratic Republic of the Congo,CD,COD,243,243
Denmark,DK,DNK,45,45
Diego Garcia,DG,DGA,246,246
Djibouti,DJ,DJI,253,253
Dominica,DM,DMA,1 767,1767
Dominican Republic,DO,DOM,"1 809, 1 829, 1 849","1809,1829,1849"
Ecuador,EC,ECU,593,593
Egypt,EG,EGY,20,20
El Salvador,SV,SLV,503,503
Equatorial Guinea,GQ,GNQ,240,240
Eritrea,ER,ERI,291,291
Estonia,EE,EST,372,372
Ethiopia,ET,ETH,251,251
Falkland Islands,FK,FLK,500,500
Faroe Islands,FO,FRO,298,298
Fiji,FJ,FJI,679,679
Finland,FI,FIN,358,358
France,FR,FRA,33,33
French Guiana,GF,GUF,594,594
French Polynesia,PF,PYF,689,689
Gabon,GA,GAB,241,241
Gambia,GM,GMB,220,220
Georgia,GE,GEO,995,995
Germany,DE,DEU,49,49
Ghana,GH,GHA,233,233
Gibraltar,GI,GIB,350,350
Greece,GR,GRC,30,30
Greenland,GL,GRL,299,299
Grenada,GD,GRD,1 473,1473
Guadeloupe,GP,GLP,590,590
Guam,GU,GUM,1 671,1671
Guatemala,GT,GTM,502,502
Guernsey,GG,GGY,441481,441481
Guinea,GN,GIN,224,224
Guinea-Bissau,GW,GNB,245,245
Guyana,GY,GUY,592,592
Haiti,HT,HTI,509,509
Holy See (Vatican City),VA,VAT,39,39
Honduras,HN,HND,504,504
Hong Kong,HK,HKG,852,852
Hungary,HU,HUN,36,36
Iceland,IS,ISL,354,354
India,IN,IND,91,91
Indonesia,ID,IDN,62,62
Iran,IR,IRN,98,98
Iraq,IQ,IRQ,964,964
Ireland,IE,IRL,353,353
Isle of Man,IM,IMN,44,44
Israel,IL,ISR,972,972
Italy,IT,ITA,39,39
Ivory Coast (Côte d'Ivoire),CI,CIV,225,225
Jamaica,JM,JAM,1 876,1876
Japan,JP,JPN,81,81
Jersey,JE,JEY,44,44
Jordan,JO,JOR,962,962
Kazakhstan,KZ,KAZ,7,7
Kenya,KE,KEN,254,254
Kiribati,KI,KIR,686,686
Kuwait,KW,KWT,965,965
Kyrgyzstan,KG,KGZ,996,996
Laos,LA,LAO,856,856
Latvia,LV,LVA,371,371
Lebanon,LB,LBN,961,961
Lesotho,LS,LSO,266,266
Liberia,LR,LBR,231,231
Libya,LY,LBY,218,218
Liechtenstein,LI,LIE,423,423
Lithuania,LT,LTU,370,370
Luxembourg,LU,LUX,352,352
Macau,MO,MAC,853,853
Macedonia,MK,MKD,389,389
Madagascar,MG,MDG,261,261
Malawi,MW,MWI,265,265
Malaysia,MY,MYS,60,60
Maldives,MV,MDV,960,960
Mali,ML,MLI,223,223
Malta,MT,MLT,356,356
Marshall Islands,MH,MHL,692,692
Martinique,MQ,MTQ,596,596
Mauritania,MR,MRT,222,222
Mauritius,MU,MUS,230,230
Mayotte,YT,MYT,262,262
Mexico,MX,MEX,52,52
Micronesia,FM,FSM,691,691
Moldova,MD,MDA,373,373
Monaco,MC,MCO,377,377
Mongolia,MN,MNG,976,976
Montenegro,ME,MNE,382,382
Montserrat,MS,MSR,1 664,1664
Morocco,MA,MAR,212,212
Mozambique,MZ,MOZ,258,258
Namibia,NA,NAM,264,264
Nauru,NR,NRU,674,674
Nepal,NP,NPL,977,977
Netherlands,NL,NLD,31,31
Netherlands Antilles,AN,ANT,599,599
New Caledonia,NC,NCL,687,687
New Zealand,NZ,NZL,64,64
Nicaragua,NI,NIC,505,505
Niger,NE,NER,227,227
Nigeria,NG,NGA,234,234
Niue,NU,NIU,683,683
Norfolk Island,NF,NFK,672,672
North Korea,KP,PRK,850,850
Northern Mariana Islands,MP,MNP,1 670,1670
Norway,NO,NOR,47,47
Oman,OM,OMN,968,968
Pakistan,PK,PAK,92,92
Palau,PW,PLW,680,680
Palestine,PS,PSE,970,970
Panama,PA,PAN,507,507
Papua New Guinea,PG,PNG,675,675
Paraguay,PY,PRY,595,595
Peru,PE,PER,51,51
Philippines,PH,PHL,63,63
Pitcairn Islands,PN,PCN,870,870
Poland,PL,POL,48,48
Portugal,PT,PRT,351,351
Puerto Rico,PR,PRI,"1 787, 1 939","1787,1939"
Qatar,QA,QAT,974,974
Congo Repub. of the ,CG,COG,242,242
Reunion Island,RE,REU,262,262
Romania,RO,ROU,40,40
Russia,RU,RUS,7,7
Rwanda,RW,RWA,250,250
Saint Barthelemy,BL,BLM,590,590
Saint Helena,SH,SHN,290,290
Saint Kitts and Nevis,KN,KNA,1 869,1869
Saint Lucia,LC,LCA,1 758,1758
Saint Martin,MF,MAF,590,590
Saint Pierre and Miquelon,PM,SPM,508,508
Saint Vincent and the Grenadines,VC,VCT,1 784,1784
Samoa,WS,WSM,685,685
San Marino,SM,SMR,378,378
Sao Tome and Principe,ST,STP,239,239
Saudi Arabia,SA,SAU,966,966
Senegal,SN,SEN,221,221
Serbia,RS,SRB,381,381
Seychelles,SC,SYC,248,248
Sierra Leone,SL,SLE,232,232
Singapore,SG,SGP,65,65
Sint Maarten,SX,SXM,1 721,1721
Slovakia,SK,SVK,421,421
Slovenia,SI,SVN,386,386
Solomon Islands,SB,SLB,677,677
Somalia,SO,SOM,252,252
South Africa,ZA,ZAF,27,27
South Korea,KR,KOR,82,82
South Sudan,SS,SSD,211,211
Spain,ES,ESP,34,34
Sri Lanka,LK,LKA,94,94
Sudan,SD,SDN,249,249
Suriname,SR,SUR,597,597
Svalbard,SJ,SJM,47,47
Swaziland,SZ,SWZ,268,268
Sweden,SE,SWE,46,46
Switzerland,CH,CHE,41,41
Syria,SY,SYR,963,963
Taiwan,TW,TWN,886,886
Tajikistan,TJ,TJK,992,992
Tanzania,TZ,TZA,255,255
Thailand,TH,THA,66,66
Timor-Leste (East Timor),TL,TLS,670,670
Togo,TG,TGO,228,228
Tokelau,TK,TKL,690,690
Tonga Islands,TO,TON,676,676
Trinidad and Tobago,TT,TTO,1 868,1868
Tunisia,TN,TUN,216,216
Turkey,TR,TUR,90,90
Turkmenistan,TM,TKM,993,993
Turks and Caicos Islands,TC,TCA,1 649,1649
Tuvalu,TV,TUV,688,688
Uganda,UG,UGA,256,256
Ukraine,UA,UKR,380,380
United Arab Emirates,AE,ARE,971,971
United Kingdom,GB,GBR,44,44
United States,US,USA,1,1
Uruguay,UY,URY,598,598
US Virgin Islands,VI,VIR,1 340,1340
Uzbekistan,UZ,UZB,998,998
Vanuatu,VU,VUT,678,678
Venezuela,VE,VEN,58,58
Vietnam,VN,VNM,84,84
Wallis and Futuna,WF,WLF,681,681
Western Sahara,EH,ESH,212,212
Yemen,YE,YEM,967,967
Zambia,ZM,ZMB,260,260
Zimbabwe,ZW,ZWE,263,263
