user,email,password_hash,created_at
madisonmorales1,madison.morales1@icloud.com,27212541,2026-03-29 19:17:06
nataliegonzalez2,natalie.gonzalez2@gmail.com,11481997,2026-03-29 19:17:06
averyross3,avery.ross3@thisisanemail.com,83463079,2026-03-29 19:17:06
lucycastillo4,lucy.castillo4@icloud.com,46416740,2026-03-29 19:17:06
paisleymitchell5,paisley.mitchell5@icloud.com,84798540,2026-03-29 19:17:06
johnrichardson6,john.richardson6@gmail.com,83958366,2026-03-29 19:17:06
lunajohnson7,luna.johnson7@gmail.com,15041186,2026-03-29 19:17:06
annacooper8,anna.cooper8@gmail.com,32160037,2026-03-29 19:17:06
delilahcruz9,delilah.cruz9@idunno.com,12505457,2026-03-29 19:17:06
oliviabennett10,olivia.bennett10@gmail.com,84566897,2026-03-29 19:17:06
ariareyes11,aria.reyes11@gmail.com,64468955,2026-03-29 19:17:06
hannahcastillo12,hannah.castillo12@thisisanemail.com,37532433,2026-03-29 19:17:06
penelopemyers13,penelope.myers13@gmail.com,29783955,2026-03-29 19:17:06
skylarnelson14,skylar.nelson14@icloud.com,17001897,2026-03-29 19:17:06
chloeharris15,chloe.harris15@outlook.com,99222178,2026-03-29 19:17:06
ariarodriguez16,aria.rodriguez16@gmail.com,32748524,2026-03-29 19:17:06
ryleemitchell17,rylee.mitchell17@thisisanemail.com,48882305,2026-03-29 19:17:06
nataliemyers18,natalie.myers18@gmail.com,49099989,2026-03-29 19:17:06
rileyruiz19,riley.ruiz19@idunno.com,28366489,2026-03-29 19:17:06
genesismurphy20,genesis.murphy20@idunno.com,85552804,2026-03-29 19:17:06
isabellahughes21,isabella.hughes21@outlook.com,95004610,2026-03-29 19:17:06
charlottehughes22,charlotte.hughes22@gmail.com,94015401,2026-03-29 19:17:06
madisonmorales23,madison.morales23@icloud.com,23051203,2026-03-29 19:17:06
averymoore24,avery.moore24@icloud.com,16629272,2026-03-29 19:17:06
willowrogers25,willow.rogers25@thisisanemail.com,79580335,2026-03-29 19:17:06
abigaillewis26,abigail.lewis26@idunno.com,98354111,2026-03-29 19:17:06
emiliaevans27,emilia.evans27@gmail.com,74538185,2026-03-29 19:17:06
genesisedwards28,genesis.edwards28@idunno.com,15570101,2026-03-29 19:17:06
mayahall29,maya.hall29@outlook.com,84091899,2026-03-29 19:17:06
camilajames30,camila.james30@outlook.com,17643235,2026-03-29 19:17:06
serenitytorres31,serenity.torres31@gmail.com,73732830,2026-03-29 19:17:06
evelynjones32,evelyn.jones32@icloud.com,44509081,2026-03-29 19:17:06
audreyharris33,audrey.harris33@idunno.com,23657324,2026-03-29 19:17:06
isabellaramos34,isabella.ramos34@icloud.com,59866097,2026-03-29 19:17:06
audreybrooks35,audrey.brooks35@icloud.com,98079707,2026-03-29 19:17:06
zoeadams36,zoe.adams36@icloud.com,17982117,2026-03-29 19:17:06
ellamorris37,ella.morris37@gmail.com,11485235,2026-03-29 19:17:06
zoelewis38,zoe.lewis38@gmail.com,96292601,2026-03-29 19:17:06
elenagarcia39,elena.garcia39@gmail.com,11692707,2026-03-29 19:17:06
coralewis40,cora.lewis40@icloud.com,45793030,2026-03-29 19:17:06
chloetorres41,chloe.torres41@idunno.com,72459684,2026-03-29 19:17:06
aubreychavez42,aubrey.chavez42@outlook.com,25486377,2026-03-29 19:17:06
jenymitchell43,jeny.mitchell43@icloud.com,43562981,2026-03-29 19:17:06
sophiabrown44,sophia.brown44@idunno.com,54671008,2026-03-29 19:17:06
abigailtaylor45,abigail.taylor45@gmail.com,61230147,2026-03-29 19:17:06
ryleeclark46,rylee.clark46@idunno.com,15016559,2026-03-29 19:17:06
nevaehlopez47,nevaeh.lopez47@idunno.com,72615102,2026-03-29 19:17:06
lilyhall48,lily.hall48@thisisanemail.com,32188394,2026-03-29 19:17:06
abigailmurphy49,abigail.murphy49@thisisanemail.com,83107925,2026-03-29 19:17:06
allisonlong50,allison.long50@gmail.com,33610905,2026-03-29 19:17:06
michaeltaylor51,michael.taylor51@gmail.com,94751006,2026-03-29 19:17:06
miascott52,mia.scott52@gmail.com,91631562,2026-03-29 19:17:06
emeryward53,emery.ward53@outlook.com,85670257,2026-03-29 19:17:06
vivianthomas54,vivian.thomas54@idunno.com,23810924,2026-03-29 19:17:06
valentinascott55,valentina.scott55@outlook.com,21207364,2026-03-29 19:17:06
eleanoredwards56,eleanor.edwards56@gmail.com,69664803,2026-03-29 19:17:06
eleanormitchell57,eleanor.mitchell57@thisisanemail.com,28128967,2026-03-29 19:17:06
valentinacooper58,valentina.cooper58@icloud.com,17078723,2026-03-29 19:17:06
emeryruiz59,emery.ruiz59@gmail.com,56053784,2026-03-29 19:17:06
camilaturner60,camila.turner60@outlook.com,46834436,2026-03-29 19:17:06
naomirogers61,naomi.rogers61@idunno.com,47332513,2026-03-29 19:17:06
aliceprice62,alice.price62@outlook.com,30315715,2026-03-29 19:17:06
piperwilliams63,piper.williams63@outlook.com,55613975,2026-03-29 19:17:06
eleanorrichardson64,eleanor.richardson64@gmail.com,44721729,2026-03-29 19:17:06
lydiaking65,lydia.king65@thisisanemail.com,52391490,2026-03-29 19:17:06
elenahoward66,elena.howard66@gmail.com,82095159,2026-03-29 19:17:06
samanthataylor67,samantha.taylor67@outlook.com,31857114,2026-03-29 19:17:06
penelopesanchez68,penelope.sanchez68@gmail.com,33392848,2026-03-29 19:17:06
sarahhoward69,sarah.howard69@gmail.com,43719911,2026-03-29 19:17:06
madelynwalker70,madelyn.walker70@icloud.com,59742290,2026-03-29 19:17:06
lilygreen71,lily.green71@gmail.com,88512815,2026-03-29 19:17:06
emerywilson72,emery.wilson72@gmail.com,30478933,2026-03-29 19:17:06
madelynjohnson73,madelyn.johnson73@idunno.com,94327275,2026-03-29 19:17:06
genesisyoung74,genesis.young74@idunno.com,22398819,2026-03-29 19:17:06
avamyers75,ava.myers75@outlook.com,30009817,2026-03-29 19:17:06
willowramos76,willow.ramos76@thisisanemail.com,55689050,2026-03-29 19:17:06
annacooper77,anna.cooper77@idunno.com,81197047,2026-03-29 19:17:06
miaallen78,mia.allen78@outlook.com,58994928,2026-03-29 19:17:06
violetortiz79,violet.ortiz79@gmail.com,40306492,2026-03-29 19:17:06
ariajames80,aria.james80@thisisanemail.com,73320368,2026-03-29 19:17:06
vivianmorris81,vivian.morris81@icloud.com,29702036,2026-03-29 19:17:06
emiliawilson82,emilia.wilson82@icloud.com,79949776,2026-03-29 19:17:06
laylagutierrez83,layla.gutierrez83@idunno.com,47301704,2026-03-29 19:17:06
victoriamartin84,victoria.martin84@gmail.com,91157748,2026-03-29 19:17:06
milamyers85,mila.myers85@thisisanemail.com,60676889,2026-03-29 19:17:06
valentinaevans86,valentina.evans86@icloud.com,58755858,2026-03-29 19:17:06
delilahmorgan87,delilah.morgan87@idunno.com,25149778,2026-03-29 19:17:06
willowrogers88,willow.rogers88@outlook.com,19720222,2026-03-29 19:17:06
averycampbell89,avery.campbell89@icloud.com,75132498,2026-03-29 19:17:06
charlottemartin90,charlotte.martin90@icloud.com,66289338,2026-03-29 19:17:06
addisonbennett91,addison.bennett91@idunno.com,58041235,2026-03-29 19:17:06
gabriellarodriguez92,gabriella.rodriguez92@outlook.com,71833454,2026-03-29 19:17:06
aubreymurphy93,aubrey.murphy93@thisisanemail.com,61081067,2026-03-29 19:17:06
skylarhughes94,skylar.hughes94@outlook.com,44156856,2026-03-29 19:17:06
victoriadiaz95,victoria.diaz95@gmail.com,79938006,2026-03-29 19:17:06
everlyramos96,everly.ramos96@thisisanemail.com,33579398,2026-03-29 19:17:06
emeryalvarez97,emery.alvarez97@outlook.com,59231925,2026-03-29 19:17:06
samantharivera98,samantha.rivera98@outlook.com,52935413,2026-03-29 19:17:06
madisonhughes99,madison.hughes99@icloud.com,48204208,2026-03-29 19:17:06
rubymorris100,ruby.morris100@outlook.com,81222906,2026-03-29 19:17:06
rubykelly101,ruby.kelly101@gmail.com,19074241,2026-03-29 19:17:06
quinnmoore102,quinn.moore102@thisisanemail.com,40537024,2026-03-29 19:17:06
aubreyrodriguez103,aubrey.rodriguez103@thisisanemail.com,17881451,2026-03-29 19:17:06
charlotteflores104,charlotte.flores104@gmail.com,61543265,2026-03-29 19:17:06
ellieking105,ellie.king105@gmail.com,58214131,2026-03-29 19:17:06
kinsleyyoung106,kinsley.young106@idunno.com,35545040,2026-03-29 19:17:06
oliviadiaz107,olivia.diaz107@gmail.com,85746548,2026-03-29 19:17:06
audreyhill108,audrey.hill108@outlook.com,92187346,2026-03-29 19:17:06
juliamurphy109,julia.murphy109@idunno.com,99636217,2026-03-29 19:17:06
elladavis110,ella.davis110@thisisanemail.com,14746487,2026-03-29 19:17:06
claramiller111,clara.miller111@outlook.com,35754076,2026-03-29 19:17:06
addisoncruz112,addison.cruz112@gmail.com,15373918,2026-03-29 19:17:06
samanthaphillips113,samantha.phillips113@gmail.com,87145874,2026-03-29 19:17:06
norahernandez114,nora.hernandez114@outlook.com,63751835,2026-03-29 19:17:06
elenakelly115,elena.kelly115@idunno.com,47057914,2026-03-29 19:17:06
camilabrown116,camila.brown116@idunno.com,18263837,2026-03-29 19:17:06
michaelwilliams117,michael.williams117@idunno.com,41348928,2026-03-29 19:17:06
emilycook118,emily.cook118@icloud.com,97007354,2026-03-29 19:17:06
sophiabennett119,sophia.bennett119@gmail.com,81481895,2026-03-29 19:17:06
rileygutierrez120,riley.gutierrez120@outlook.com,21363481,2026-03-29 19:17:06
elianaalvarez121,eliana.alvarez121@gmail.com,74654257,2026-03-29 19:17:06
delilahross122,delilah.ross122@thisisanemail.com,57501297,2026-03-29 19:17:06
ariamoore123,aria.moore123@thisisanemail.com,40618717,2026-03-29 19:17:06
jenyhill124,jeny.hill124@outlook.com,16768182,2026-03-29 19:17:06
ariarodriguez125,aria.rodriguez125@thisisanemail.com,18493255,2026-03-29 19:17:06
averyanderson126,avery.anderson126@idunno.com,74761241,2026-03-29 19:17:06
islarivera127,isla.rivera127@icloud.com,38502798,2026-03-29 19:17:06
emerywilson128,emery.wilson128@outlook.com,22691649,2026-03-29 19:17:06
haileychavez129,hailey.chavez129@thisisanemail.com,68496683,2026-03-29 19:17:06
elizabethcarter130,elizabeth.carter130@gmail.com,57274820,2026-03-29 19:17:06
evelynthompson131,evelyn.thompson131@outlook.com,89007545,2026-03-29 19:17:06
lilyjames132,lily.james132@outlook.com,40469395,2026-03-29 19:17:06
ryleeparker133,rylee.parker133@thisisanemail.com,79480862,2026-03-29 19:17:06
rubyanderson134,ruby.anderson134@gmail.com,46421593,2026-03-29 19:17:06
brooklynjohnson135,brooklyn.johnson135@icloud.com,65133085,2026-03-29 19:17:06
kinsleyrivera136,kinsley.rivera136@gmail.com,15340630,2026-03-29 19:17:06
camilaphillips137,camila.phillips137@thisisanemail.com,58317954,2026-03-29 19:17:06
annahoward138,anna.howard138@idunno.com,31520480,2026-03-29 19:17:06
willowsmith139,willow.smith139@gmail.com,43114008,2026-03-29 19:17:06
arianarichardson140,ariana.richardson140@idunno.com,28643484,2026-03-29 19:17:06
sofiasmith141,sofia.smith141@outlook.com,52387095,2026-03-29 19:17:06
lilysmith142,lily.smith142@icloud.com,11279917,2026-03-29 19:17:06
lillianharris143,lillian.harris143@idunno.com,14682342,2026-03-29 19:17:06
clarahernandez144,clara.hernandez144@idunno.com,44554021,2026-03-29 19:17:06
stellaalvarez145,stella.alvarez145@gmail.com,63034551,2026-03-29 19:17:06
samanthareed146,samantha.reed146@thisisanemail.com,91907646,2026-03-29 19:17:06
juliacook147,julia.cook147@gmail.com,95410251,2026-03-29 19:17:06
ariagreen148,aria.green148@gmail.com,48733193,2026-03-29 19:17:06
ivystewart149,ivy.stewart149@idunno.com,94302910,2026-03-29 19:17:06
islaedwards150,isla.edwards150@icloud.com,92142561,2026-03-29 19:17:06
elenapatel151,elena.patel151@gmail.com,21594355,2026-03-29 19:17:06
allisonkim152,allison.kim152@gmail.com,31397548,2026-03-29 19:17:06
noraturner153,nora.turner153@gmail.com,38805082,2026-03-29 19:17:06
rubycruz154,ruby.cruz154@outlook.com,73958310,2026-03-29 19:17:06
isabellamartin155,isabella.martin155@thisisanemail.com,95726793,2026-03-29 19:17:06
bellalong156,bella.long156@gmail.com,58319096,2026-03-29 19:17:06
akshayturner157,akshay.turner157@icloud.com,45241170,2026-03-29 19:17:06
lunahernandez158,luna.hernandez158@icloud.com,80159137,2026-03-29 19:17:06
nataliejones159,natalie.jones159@gmail.com,86813795,2026-03-29 19:17:06
hannahruiz160,hannah.ruiz160@idunno.com,73753996,2026-03-29 19:17:06
zoeycook161,zoey.cook161@idunno.com,36111529,2026-03-29 19:17:06
addisonross162,addison.ross162@icloud.com,17665008,2026-03-29 19:17:06
annaramirez163,anna.ramirez163@outlook.com,41095054,2026-03-29 19:17:06
ameliagreen164,amelia.green164@icloud.com,65192017,2026-03-29 19:17:06
adelinemartinez165,adeline.martinez165@thisisanemail.com,42071084,2026-03-29 19:17:06
sadiecollins166,sadie.collins166@icloud.com,43537849,2026-03-29 19:17:06
lydiamorales167,lydia.morales167@gmail.com,17321302,2026-03-29 19:17:06
eleanorwright168,eleanor.wright168@thisisanemail.com,58897711,2026-03-29 19:17:06
brooklynwilson169,brooklyn.wilson169@thisisanemail.com,73512627,2026-03-29 19:17:06
sophielopez170,sophie.lopez170@icloud.com,38902847,2026-03-29 19:17:06
madelinehoward171,madeline.howard171@outlook.com,61300262,2026-03-29 19:17:06
allisontorres172,allison.torres172@outlook.com,12172392,2026-03-29 19:17:06
kinsleyjones173,kinsley.jones173@idunno.com,37454418,2026-03-29 19:17:06
akshayjohnson174,akshay.johnson174@gmail.com,97993010,2026-03-29 19:17:06
harpergarcia175,harper.garcia175@gmail.com,95829304,2026-03-29 19:17:06
hazelrodriguez176,hazel.rodriguez176@thisisanemail.com,94038050,2026-03-29 19:17:06
adelineward177,adeline.ward177@gmail.com,76109178,2026-03-29 19:17:06
stellacampbell178,stella.campbell178@idunno.com,28610319,2026-03-29 19:17:06
sadieortiz179,sadie.ortiz179@outlook.com,50132816,2026-03-29 19:17:06
claramoore180,clara.moore180@gmail.com,77697161,2026-03-29 19:17:06
jenymendoza181,jeny.mendoza181@outlook.com,42453120,2026-03-29 19:17:06
elenaross182,elena.ross182@idunno.com,32708648,2026-03-29 19:17:06
lunaruiz183,luna.ruiz183@thisisanemail.com,75142909,2026-03-29 19:17:06
aaliyahmyers184,aaliyah.myers184@icloud.com,75386829,2026-03-29 19:17:06
hannahrogers185,hannah.rogers185@gmail.com,44945786,2026-03-29 19:17:06
carolinehoward186,caroline.howard186@idunno.com,52477974,2026-03-29 19:17:06
josephinefoster187,josephine.foster187@thisisanemail.com,53704981,2026-03-29 19:17:06
autumnalvarez188,autumn.alvarez188@idunno.com,94834334,2026-03-29 19:17:06
willowkelly189,willow.kelly189@thisisanemail.com,18874510,2026-03-29 19:17:06
allisonwatson190,allison.watson190@idunno.com,27170424,2026-03-29 19:17:06
kinsleynelson191,kinsley.nelson191@outlook.com,80226618,2026-03-29 19:17:06
sarahgarcia192,sarah.garcia192@idunno.com,69826594,2026-03-29 19:17:06
madisonanderson193,madison.anderson193@gmail.com,31579881,2026-03-29 19:17:06
haileyrodriguez194,hailey.rodriguez194@outlook.com,29366262,2026-03-29 19:17:06
adelinewhite195,adeline.white195@gmail.com,34525419,2026-03-29 19:17:06
scarlettjones196,scarlett.jones196@idunno.com,99491228,2026-03-29 19:17:06
stellalopez197,stella.lopez197@outlook.com,94462794,2026-03-29 19:17:06
gabriellaparker198,gabriella.parker198@outlook.com,69495742,2026-03-29 19:17:06
addisoncampbell199,addison.campbell199@icloud.com,70066150,2026-03-29 19:17:06
lydiakim200,lydia.kim200@icloud.com,30804633,2026-03-29 19:17:06
charlottesanchez201,charlotte.sanchez201@icloud.com,91847787,2026-03-29 19:17:06
clairelewis202,claire.lewis202@thisisanemail.com,16005406,2026-03-29 19:17:06
savannahmorgan203,savannah.morgan203@gmail.com,49843723,2026-03-29 19:17:06
serenitytorres204,serenity.torres204@gmail.com,70697890,2026-03-29 19:17:06
annayoung205,anna.young205@icloud.com,27286084,2026-03-29 19:17:06
miathomas206,mia.thomas206@thisisanemail.com,85889628,2026-03-29 19:17:06
penelopegomez207,penelope.gomez207@thisisanemail.com,78115925,2026-03-29 19:17:06
claragomez208,clara.gomez208@thisisanemail.com,84981688,2026-03-29 19:17:06
gabriellawhite209,gabriella.white209@thisisanemail.com,70782056,2026-03-29 19:17:06
ariabaker210,aria.baker210@thisisanemail.com,16006653,2026-03-29 19:17:06
sarahfoster211,sarah.foster211@outlook.com,58150378,2026-03-29 19:17:06
juliaturner212,julia.turner212@idunno.com,19681578,2026-03-29 19:17:06
elizabethgarcia213,elizabeth.garcia213@thisisanemail.com,86773106,2026-03-29 19:17:06
delilahramirez214,delilah.ramirez214@thisisanemail.com,33684620,2026-03-29 19:17:06
ameliarobinson215,amelia.robinson215@thisisanemail.com,70807490,2026-03-29 19:17:06
valentinahall216,valentina.hall216@icloud.com,78813444,2026-03-29 19:17:06
milarodriguez217,mila.rodriguez217@gmail.com,87851789,2026-03-29 19:17:06
juliaalvarez218,julia.alvarez218@outlook.com,79020342,2026-03-29 19:17:06
arianasanders219,ariana.sanders219@idunno.com,92076521,2026-03-29 19:17:06
bellahernandez220,bella.hernandez220@idunno.com,80992522,2026-03-29 19:17:06
sofiawilson221,sofia.wilson221@thisisanemail.com,68558195,2026-03-29 19:17:06
lunaclark222,luna.clark222@outlook.com,68102040,2026-03-29 19:17:06
aubreyross223,aubrey.ross223@outlook.com,37780663,2026-03-29 19:17:06
adelinethompson224,adeline.thompson224@icloud.com,50197362,2026-03-29 19:17:06
everlycarter225,everly.carter225@gmail.com,42649620,2026-03-29 19:17:06
audreymitchell226,audrey.mitchell226@idunno.com,19452173,2026-03-29 19:17:06
quinnbrooks227,quinn.brooks227@idunno.com,38654385,2026-03-29 19:17:06
oliviathompson228,olivia.thompson228@outlook.com,11881510,2026-03-29 19:17:06
ryleeortiz229,rylee.ortiz229@icloud.com,13421216,2026-03-29 19:17:06
emiliachavez230,emilia.chavez230@thisisanemail.com,31546493,2026-03-29 19:17:06
arianathomas231,ariana.thomas231@gmail.com,43293899,2026-03-29 19:17:06
hazelmurphy232,hazel.murphy232@thisisanemail.com,87531328,2026-03-29 19:17:06
miladiaz233,mila.diaz233@icloud.com,87573416,2026-03-29 19:17:06
sadieross234,sadie.ross234@gmail.com,20869963,2026-03-29 19:17:06
hazeldavis235,hazel.davis235@thisisanemail.com,72426191,2026-03-29 19:17:06
ivylee236,ivy.lee236@icloud.com,31318194,2026-03-29 19:17:06
ellalewis237,ella.lewis237@idunno.com,89432014,2026-03-29 19:17:06
eleanormitchell238,eleanor.mitchell238@idunno.com,13725716,2026-03-29 19:17:06
kinsleyhernandez239,kinsley.hernandez239@outlook.com,65611633,2026-03-29 19:17:06
elianagomez240,eliana.gomez240@outlook.com,74717573,2026-03-29 19:17:06
victoriajackson241,victoria.jackson241@icloud.com,11366102,2026-03-29 19:17:06
zoeycox242,zoey.cox242@thisisanemail.com,73634876,2026-03-29 19:17:06
rubyrichardson243,ruby.richardson243@thisisanemail.com,13827255,2026-03-29 19:17:06
autumnsanchez244,autumn.sanchez244@outlook.com,66468282,2026-03-29 19:17:06
gabriellaramirez245,gabriella.ramirez245@idunno.com,62377219,2026-03-29 19:17:06
pipermurphy246,piper.murphy246@gmail.com,12768881,2026-03-29 19:17:06
islalee247,isla.lee247@thisisanemail.com,59108515,2026-03-29 19:17:06
auroracox248,aurora.cox248@outlook.com,83322822,2026-03-29 19:17:06
sarahwright249,sarah.wright249@gmail.com,19264192,2026-03-29 19:17:06
josephinekim250,josephine.kim250@outlook.com,11190505,2026-03-29 19:17:06
elianabennett251,eliana.bennett251@gmail.com,21613574,2026-03-29 19:17:06
clarabailey252,clara.bailey252@gmail.com,31389978,2026-03-29 19:17:06
evaparker253,eva.parker253@gmail.com,38875462,2026-03-29 19:17:06
stellagonzalez254,stella.gonzalez254@idunno.com,95417530,2026-03-29 19:17:06
auroracooper255,aurora.cooper255@gmail.com,62722600,2026-03-29 19:17:06
ariapatel256,aria.patel256@outlook.com,84723247,2026-03-29 19:17:06
hazelevans257,hazel.evans257@idunno.com,48277277,2026-03-29 19:17:06
johndavis258,john.davis258@outlook.com,93269679,2026-03-29 19:17:06
brooklynscott259,brooklyn.scott259@idunno.com,94880857,2026-03-29 19:17:06
elliejames260,ellie.james260@idunno.com,86821476,2026-03-29 19:17:06
madisonwood261,madison.wood261@thisisanemail.com,73722550,2026-03-29 19:17:06
rubyramirez262,ruby.ramirez262@idunno.com,39612062,2026-03-29 19:17:06
miabrooks263,mia.brooks263@thisisanemail.com,87878554,2026-03-29 19:17:06
adelinewilliams264,adeline.williams264@gmail.com,67423408,2026-03-29 19:17:06
allisonramirez265,allison.ramirez265@gmail.com,47058621,2026-03-29 19:17:06
nataliekim266,natalie.kim266@thisisanemail.com,14764183,2026-03-29 19:17:06
adelinecastillo267,adeline.castillo267@gmail.com,24897448,2026-03-29 19:17:06
kinsleyevans268,kinsley.evans268@outlook.com,37084166,2026-03-29 19:17:06
emiliawhite269,emilia.white269@icloud.com,40983756,2026-03-29 19:17:06
gracegutierrez270,grace.gutierrez270@outlook.com,98751847,2026-03-29 19:17:06
sophiabailey271,sophia.bailey271@idunno.com,61165224,2026-03-29 19:17:06
lydiawalker272,lydia.walker272@icloud.com,50836078,2026-03-29 19:17:06
carolinescott273,caroline.scott273@outlook.com,17463613,2026-03-29 19:17:06
emiliasanchez274,emilia.sanchez274@gmail.com,92235232,2026-03-29 19:17:06
leahpeterson275,leah.peterson275@outlook.com,72261588,2026-03-29 19:17:06
miarogers276,mia.rogers276@gmail.com,15219558,2026-03-29 19:17:06
giannabrown277,gianna.brown277@gmail.com,37451335,2026-03-29 19:17:06
akshayrichardson278,akshay.richardson278@idunno.com,95435011,2026-03-29 19:17:06
addisonruiz279,addison.ruiz279@idunno.com,83201044,2026-03-29 19:17:06
abigailruiz280,abigail.ruiz280@outlook.com,34129401,2026-03-29 19:17:06
islaturner281,isla.turner281@outlook.com,56674267,2026-03-29 19:17:06
rileythompson282,riley.thompson282@gmail.com,52947508,2026-03-29 19:17:06
elenahernandez283,elena.hernandez283@outlook.com,58500972,2026-03-29 19:17:06
penelopemorris284,penelope.morris284@idunno.com,98886699,2026-03-29 19:17:06
rubyhill285,ruby.hill285@thisisanemail.com,73472168,2026-03-29 19:17:06
elenaclark286,elena.clark286@outlook.com,33158109,2026-03-29 19:17:06
camilabaker287,camila.baker287@idunno.com,26396032,2026-03-29 19:17:06
stellathomas288,stella.thomas288@icloud.com,23104877,2026-03-29 19:17:06
lillianroberts289,lillian.roberts289@outlook.com,54356215,2026-03-29 19:17:06
haileyrichardson290,hailey.richardson290@thisisanemail.com,91840791,2026-03-29 19:17:06
naomimorris291,naomi.morris291@thisisanemail.com,99840458,2026-03-29 19:17:06
lunamorgan292,luna.morgan292@icloud.com,25252286,2026-03-29 19:17:06
savannahrodriguez293,savannah.rodriguez293@gmail.com,21846601,2026-03-29 19:17:06
hazelsanders294,hazel.sanders294@gmail.com,53545762,2026-03-29 19:17:06
scarletthoward295,scarlett.howard295@gmail.com,94627730,2026-03-29 19:17:06
charlottechavez296,charlotte.chavez296@outlook.com,57168986,2026-03-29 19:17:06
audreymorgan297,audrey.morgan297@outlook.com,94112141,2026-03-29 19:17:06
leahkelly298,leah.kelly298@thisisanemail.com,88082149,2026-03-29 19:17:06
leahjames299,leah.james299@gmail.com,87634218,2026-03-29 19:17:06
ivynguyen300,ivy.nguyen300@idunno.com,89338392,2026-03-29 19:17:06
aryathompson301,arya.thompson301@icloud.com,68286967,2026-03-29 19:17:06
willowjimenez302,willow.jimenez302@thisisanemail.com,90017352,2026-03-29 19:17:06
elenaanderson303,elena.anderson303@outlook.com,29765296,2026-03-29 19:17:06
juliarobinson304,julia.robinson304@gmail.com,21738628,2026-03-29 19:17:06
jenywilson305,jeny.wilson305@thisisanemail.com,19272448,2026-03-29 19:17:06
rubyhall306,ruby.hall306@gmail.com,75767970,2026-03-29 19:17:06
arianamurphy307,ariana.murphy307@idunno.com,83855103,2026-03-29 19:17:06
ivymyers308,ivy.myers308@icloud.com,10624657,2026-03-29 19:17:06
ellamiller309,ella.miller309@thisisanemail.com,40526864,2026-03-29 19:17:06
carolinecook310,caroline.cook310@thisisanemail.com,40508421,2026-03-29 19:17:06
giannadavis311,gianna.davis311@gmail.com,71884489,2026-03-29 19:17:06
gabriellajimenez312,gabriella.jimenez312@thisisanemail.com,74788393,2026-03-29 19:17:06
autumnsanders313,autumn.sanders313@idunno.com,36529083,2026-03-29 19:17:06
emmaking314,emma.king314@outlook.com,75125111,2026-03-29 19:17:06
valentinakim315,valentina.kim315@icloud.com,74315015,2026-03-29 19:17:06
ameliathompson316,amelia.thompson316@thisisanemail.com,54805544,2026-03-29 19:17:06
giannaramos317,gianna.ramos317@outlook.com,52413969,2026-03-29 19:17:06
mayapeterson318,maya.peterson318@idunno.com,40506457,2026-03-29 19:17:06
kinsleymurphy319,kinsley.murphy319@outlook.com,62650338,2026-03-29 19:17:06
scarlettmendoza320,scarlett.mendoza320@outlook.com,77533340,2026-03-29 19:17:06
delilahbailey321,delilah.bailey321@icloud.com,11519982,2026-03-29 19:17:06
jenywilliams322,jeny.williams322@gmail.com,35538090,2026-03-29 19:17:06
samanthajohnson323,samantha.johnson323@outlook.com,37779497,2026-03-29 19:17:06
gabriellaramirez324,gabriella.ramirez324@gmail.com,21466515,2026-03-29 19:17:06
emilyreed325,emily.reed325@idunno.com,34829060,2026-03-29 19:17:06
camilamitchell326,camila.mitchell326@outlook.com,37213591,2026-03-29 19:17:06
violetkim327,violet.kim327@idunno.com,68891859,2026-03-29 19:17:06
elizabethalvarez328,elizabeth.alvarez328@thisisanemail.com,26114591,2026-03-29 19:17:06
sophiecook329,sophie.cook329@thisisanemail.com,35095374,2026-03-29 19:17:06
allisonrivera330,allison.rivera330@thisisanemail.com,17647480,2026-03-29 19:17:06
avawhite331,ava.white331@icloud.com,24389133,2026-03-29 19:17:06
avamyers332,ava.myers332@outlook.com,85901329,2026-03-29 19:17:06
nataliejackson333,natalie.jackson333@outlook.com,54757203,2026-03-29 19:17:06
rubyramos334,ruby.ramos334@gmail.com,62015110,2026-03-29 19:17:06
ellieperez335,ellie.perez335@outlook.com,23357194,2026-03-29 19:17:06
paisleymurphy336,paisley.murphy336@thisisanemail.com,60734068,2026-03-29 19:17:06
lilliannguyen337,lillian.nguyen337@idunno.com,84446396,2026-03-29 19:17:06
josephinethompson338,josephine.thompson338@idunno.com,83646630,2026-03-29 19:17:06
camilajohnson339,camila.johnson339@gmail.com,73919929,2026-03-29 19:17:06
eleanorlee340,eleanor.lee340@icloud.com,32332403,2026-03-29 19:17:06
clararichardson341,clara.richardson341@thisisanemail.com,71041435,2026-03-29 19:17:06
hazelthompson342,hazel.thompson342@icloud.com,81577444,2026-03-29 19:17:06
emerywilliams343,emery.williams343@gmail.com,50609688,2026-03-29 19:17:06
nataliebrown344,natalie.brown344@icloud.com,61232165,2026-03-29 19:17:06
aurorawilson345,aurora.wilson345@icloud.com,77831106,2026-03-29 19:17:06
samanthagreen346,samantha.green346@thisisanemail.com,98959887,2026-03-29 19:17:06
naomicox347,naomi.cox347@thisisanemail.com,29274060,2026-03-29 19:17:06
piperparker348,piper.parker348@icloud.com,71128038,2026-03-29 19:17:06
kinsleywilson349,kinsley.wilson349@thisisanemail.com,93814580,2026-03-29 19:17:06
brooklynsmith350,brooklyn.smith350@outlook.com,24088179,2026-03-29 19:17:06
madelynramirez351,madelyn.ramirez351@idunno.com,20315827,2026-03-29 19:17:06
addisonruiz352,addison.ruiz352@icloud.com,27824762,2026-03-29 19:17:06
josephinewilliams353,josephine.williams353@thisisanemail.com,86768760,2026-03-29 19:17:06
aurorascott354,aurora.scott354@thisisanemail.com,99752428,2026-03-29 19:17:06
hazelbaker355,hazel.baker355@icloud.com,70018599,2026-03-29 19:17:06
natalielong356,natalie.long356@gmail.com,48110178,2026-03-29 19:17:06
julialong357,julia.long357@thisisanemail.com,36435675,2026-03-29 19:17:06
lunathomas358,luna.thomas358@icloud.com,53530158,2026-03-29 19:17:06
madelynchavez359,madelyn.chavez359@gmail.com,36087049,2026-03-29 19:17:06
naomithompson360,naomi.thompson360@thisisanemail.com,89780741,2026-03-29 19:17:06
averymitchell361,avery.mitchell361@gmail.com,12234154,2026-03-29 19:17:06
rubykelly362,ruby.kelly362@icloud.com,75679395,2026-03-29 19:17:06
oliviagreen363,olivia.green363@thisisanemail.com,64806777,2026-03-29 19:17:06
viviantorres364,vivian.torres364@idunno.com,23596495,2026-03-29 19:17:06
peytoncastillo365,peyton.castillo365@outlook.com,94079681,2026-03-29 19:17:06
jenymoore366,jeny.moore366@idunno.com,45243833,2026-03-29 19:17:06
eleanordavis367,eleanor.davis367@icloud.com,87172839,2026-03-29 19:17:06
lucysmith368,lucy.smith368@gmail.com,34299574,2026-03-29 19:17:06
eleanorhill369,eleanor.hill369@outlook.com,88000368,2026-03-29 19:17:06
johncox370,john.cox370@outlook.com,93220371,2026-03-29 19:17:06
chloecox371,chloe.cox371@thisisanemail.com,62038222,2026-03-29 19:17:06
sarahstewart372,sarah.stewart372@thisisanemail.com,48880933,2026-03-29 19:17:06
abigailross373,abigail.ross373@idunno.com,66903092,2026-03-29 19:17:06
lydiaortiz374,lydia.ortiz374@thisisanemail.com,93608657,2026-03-29 19:17:06
emmamartinez375,emma.martinez375@gmail.com,51422964,2026-03-29 19:17:06
hannahflores376,hannah.flores376@outlook.com,47645747,2026-03-29 19:17:06
stellajames377,stella.james377@idunno.com,61756773,2026-03-29 19:17:06
norataylor378,nora.taylor378@gmail.com,22814797,2026-03-29 19:17:06
camilawright379,camila.wright379@idunno.com,98164113,2026-03-29 19:17:06
kennedycastillo380,kennedy.castillo380@idunno.com,18040911,2026-03-29 19:17:06
mayadavis381,maya.davis381@outlook.com,86927132,2026-03-29 19:17:06
valentinabennett382,valentina.bennett382@outlook.com,63402097,2026-03-29 19:17:06
clairenelson383,claire.nelson383@icloud.com,20865512,2026-03-29 19:17:06
carolinewright384,caroline.wright384@icloud.com,37072028,2026-03-29 19:17:06
madisonanderson385,madison.anderson385@icloud.com,68002365,2026-03-29 19:17:06
rileypeterson386,riley.peterson386@outlook.com,10659131,2026-03-29 19:17:06
everlymiller387,everly.miller387@idunno.com,20550960,2026-03-29 19:17:06
ivytaylor388,ivy.taylor388@gmail.com,41482684,2026-03-29 19:17:06
peytonsanders389,peyton.sanders389@idunno.com,62482227,2026-03-29 19:17:06
madisonchavez390,madison.chavez390@outlook.com,96478059,2026-03-29 19:17:06
emmabennett391,emma.bennett391@icloud.com,16584862,2026-03-29 19:17:06
bellaramos392,bella.ramos392@gmail.com,80154339,2026-03-29 19:17:06
sophiaparker393,sophia.parker393@thisisanemail.com,86583286,2026-03-29 19:17:06
victoriabailey394,victoria.bailey394@idunno.com,30233471,2026-03-29 19:17:06
michaellopez395,michael.lopez395@outlook.com,85657584,2026-03-29 19:17:06
adelinemendoza396,adeline.mendoza396@idunno.com,42160603,2026-03-29 19:17:06
violetphillips397,violet.phillips397@idunno.com,70037207,2026-03-29 19:17:06
samanthamartinez398,samantha.martinez398@gmail.com,69884909,2026-03-29 19:17:06
aaliyahjames399,aaliyah.james399@icloud.com,42622743,2026-03-29 19:17:06
elizabethnguyen400,elizabeth.nguyen400@idunno.com,93844646,2026-03-29 19:17:06
brooklynperez401,brooklyn.perez401@gmail.com,40515965,2026-03-29 19:17:06
ellaharris402,ella.harris402@outlook.com,88750104,2026-03-29 19:17:06
emmaallen403,emma.allen403@idunno.com,26933902,2026-03-29 19:17:06
valentinaramirez404,valentina.ramirez404@icloud.com,64449291,2026-03-29 19:17:06
penelopedavis405,penelope.davis405@outlook.com,60214429,2026-03-29 19:17:06
samanthamartinez406,samantha.martinez406@gmail.com,43434867,2026-03-29 19:17:06
juliareed407,julia.reed407@thisisanemail.com,57651865,2026-03-29 19:17:06
averyprice408,avery.price408@icloud.com,57314306,2026-03-29 19:17:06
lucybrown409,lucy.brown409@idunno.com,51405703,2026-03-29 19:17:06
carolinechavez410,caroline.chavez410@icloud.com,69485089,2026-03-29 19:17:06
corathompson411,cora.thompson411@outlook.com,45388932,2026-03-29 19:17:06
johnjackson412,john.jackson412@gmail.com,30500931,2026-03-29 19:17:06
chloeharris413,chloe.harris413@icloud.com,55140845,2026-03-29 19:17:06
claralewis414,clara.lewis414@icloud.com,38753075,2026-03-29 19:17:06
madisonwalker415,madison.walker415@idunno.com,10289707,2026-03-29 19:17:06
emilybennett416,emily.bennett416@outlook.com,58339627,2026-03-29 19:17:06
sadiecastillo417,sadie.castillo417@idunno.com,72676220,2026-03-29 19:17:06
madelineross418,madeline.ross418@thisisanemail.com,64253222,2026-03-29 19:17:06
sophielopez419,sophie.lopez419@outlook.com,16156611,2026-03-29 19:17:06
rubykelly420,ruby.kelly420@idunno.com,68540963,2026-03-29 19:17:06
rileyphillips421,riley.phillips421@icloud.com,55635050,2026-03-29 19:17:06
juliaramos422,julia.ramos422@gmail.com,47128834,2026-03-29 19:17:06
claireharris423,claire.harris423@gmail.com,87538594,2026-03-29 19:17:06
lydiapeterson424,lydia.peterson424@gmail.com,71363375,2026-03-29 19:17:06
giannaramos425,gianna.ramos425@thisisanemail.com,78893954,2026-03-29 19:17:06
paisleykelly426,paisley.kelly426@outlook.com,96058290,2026-03-29 19:17:06
aryawhite427,arya.white427@thisisanemail.com,71177419,2026-03-29 19:17:06
avamendoza428,ava.mendoza428@idunno.com,34022091,2026-03-29 19:17:06
samanthagarcia429,samantha.garcia429@icloud.com,58153471,2026-03-29 19:17:06
sophiamorales430,sophia.morales430@gmail.com,30664240,2026-03-29 19:17:06
abigailroberts431,abigail.roberts431@gmail.com,84163419,2026-03-29 19:17:06
madisonlee432,madison.lee432@outlook.com,31248773,2026-03-29 19:17:06
gracewhite433,grace.white433@thisisanemail.com,90253718,2026-03-29 19:17:06
brooklyngarcia434,brooklyn.garcia434@idunno.com,55647852,2026-03-29 19:17:06
sophiaadams435,sophia.adams435@thisisanemail.com,91035175,2026-03-29 19:17:06
evahall436,eva.hall436@icloud.com,66269923,2026-03-29 19:17:06
serenityramos437,serenity.ramos437@outlook.com,41728112,2026-03-29 19:17:06
clairecollins438,claire.collins438@gmail.com,19455805,2026-03-29 19:17:06
emiliaparker439,emilia.parker439@icloud.com,86254113,2026-03-29 19:17:06
aurorascott440,aurora.scott440@idunno.com,61382800,2026-03-29 19:17:06
islahughes441,isla.hughes441@gmail.com,17157237,2026-03-29 19:17:06
josephinehill442,josephine.hill442@icloud.com,17973043,2026-03-29 19:17:06
madelynstewart443,madelyn.stewart443@thisisanemail.com,24467048,2026-03-29 19:17:06
lucyhughes444,lucy.hughes444@thisisanemail.com,78170916,2026-03-29 19:17:06
kennedydavis445,kennedy.davis445@idunno.com,78649115,2026-03-29 19:17:06
ryleeanderson446,rylee.anderson446@thisisanemail.com,65639032,2026-03-29 19:17:06
annamendoza447,anna.mendoza447@icloud.com,50905258,2026-03-29 19:17:06
autumnmoore448,autumn.moore448@outlook.com,94911797,2026-03-29 19:17:06
nataliebrooks449,natalie.brooks449@gmail.com,94000972,2026-03-29 19:17:06
lunabailey450,luna.bailey450@idunno.com,57872134,2026-03-29 19:17:06
willowsanders451,willow.sanders451@gmail.com,27744323,2026-03-29 19:17:06
emmahill452,emma.hill452@idunno.com,15403905,2026-03-29 19:17:06
skylarcampbell453,skylar.campbell453@idunno.com,96248884,2026-03-29 19:17:06
delilahbennett454,delilah.bennett454@outlook.com,14057675,2026-03-29 19:17:06
chloecampbell455,chloe.campbell455@gmail.com,55306390,2026-03-29 19:17:06
delilahbrooks456,delilah.brooks456@thisisanemail.com,39964207,2026-03-29 19:17:06
evelynclark457,evelyn.clark457@thisisanemail.com,38921228,2026-03-29 19:17:06
delilahcooper458,delilah.cooper458@icloud.com,97870971,2026-03-29 19:17:06
ellalong459,ella.long459@thisisanemail.com,62364907,2026-03-29 19:17:06
milacampbell460,mila.campbell460@icloud.com,91432569,2026-03-29 19:17:06
brooklynmorales461,brooklyn.morales461@icloud.com,81859911,2026-03-29 19:17:06
camilajohnson462,camila.johnson462@gmail.com,92245868,2026-03-29 19:17:06
paisleylewis463,paisley.lewis463@idunno.com,66284112,2026-03-29 19:17:06
michaelroberts464,michael.roberts464@outlook.com,82958762,2026-03-29 19:17:06
gabriellahernandez465,gabriella.hernandez465@thisisanemail.com,76030107,2026-03-29 19:17:06
annacollins466,anna.collins466@outlook.com,54280470,2026-03-29 19:17:06
addisonhoward467,addison.howard467@icloud.com,62420093,2026-03-29 19:17:06
harperjames468,harper.james468@thisisanemail.com,37002763,2026-03-29 19:17:06
lilyadams469,lily.adams469@gmail.com,46248644,2026-03-29 19:17:06
naomimartinez470,naomi.martinez470@outlook.com,45378783,2026-03-29 19:17:06
emeryhill471,emery.hill471@thisisanemail.com,15886779,2026-03-29 19:17:06
adelinegarcia472,adeline.garcia472@thisisanemail.com,44641920,2026-03-29 19:17:06
hannahjohnson473,hannah.johnson473@outlook.com,98767681,2026-03-29 19:17:06
aryacook474,arya.cook474@icloud.com,15511910,2026-03-29 19:17:06
piperreed475,piper.reed475@thisisanemail.com,25484603,2026-03-29 19:17:06
abigailreed476,abigail.reed476@thisisanemail.com,56896476,2026-03-29 19:17:06
aryaclark477,arya.clark477@thisisanemail.com,87139995,2026-03-29 19:17:06
zoewright478,zoe.wright478@outlook.com,91649620,2026-03-29 19:17:06
genesisdiaz479,genesis.diaz479@gmail.com,93790270,2026-03-29 19:17:06
rubydavis480,ruby.davis480@outlook.com,56645179,2026-03-29 19:17:06
claireward481,claire.ward481@icloud.com,81389778,2026-03-29 19:17:06
peytonsanchez482,peyton.sanchez482@outlook.com,34703631,2026-03-29 19:17:06
scarlettsanchez483,scarlett.sanchez483@idunno.com,31504961,2026-03-29 19:17:06
ivygutierrez484,ivy.gutierrez484@icloud.com,73147816,2026-03-29 19:17:06
milagutierrez485,mila.gutierrez485@thisisanemail.com,42189798,2026-03-29 19:17:06
willowreyes486,willow.reyes486@outlook.com,46318852,2026-03-29 19:17:06
akshayedwards487,akshay.edwards487@idunno.com,62998680,2026-03-29 19:17:06
ivykim488,ivy.kim488@idunno.com,90182291,2026-03-29 19:17:06
scarlettgarcia489,scarlett.garcia489@thisisanemail.com,63050470,2026-03-29 19:17:06
willowwilson490,willow.wilson490@idunno.com,94773534,2026-03-29 19:17:06
emilygreen491,emily.green491@idunno.com,94468220,2026-03-29 19:17:06
aurorawalker492,aurora.walker492@idunno.com,71764423,2026-03-29 19:17:06
avajackson493,ava.jackson493@outlook.com,78484981,2026-03-29 19:17:06
giannawatson494,gianna.watson494@gmail.com,98480915,2026-03-29 19:17:06
valentinapatel495,valentina.patel495@icloud.com,96144350,2026-03-29 19:17:06
alicehoward496,alice.howard496@outlook.com,78396483,2026-03-29 19:17:06
sophiahughes497,sophia.hughes497@outlook.com,67108071,2026-03-29 19:17:06
lucyfoster498,lucy.foster498@idunno.com,33347225,2026-03-29 19:17:06
genesistorres499,genesis.torres499@gmail.com,81924283,2026-03-29 19:17:06
autumnthompson500,autumn.thompson500@idunno.com,73061303,2026-03-29 19:17:06
lilyevans501,lily.evans501@outlook.com,35609253,2026-03-29 19:17:06
sarahmiller502,sarah.miller502@gmail.com,99645931,2026-03-29 19:17:06
abigailhernandez503,abigail.hernandez503@thisisanemail.com,19276044,2026-03-29 19:17:06
violetmorgan504,violet.morgan504@outlook.com,63233034,2026-03-29 19:17:06
emeryreed505,emery.reed505@gmail.com,15126618,2026-03-29 19:17:06
ryleehill506,rylee.hill506@thisisanemail.com,59362721,2026-03-29 19:17:06
akshayjimenez507,akshay.jimenez507@outlook.com,22653595,2026-03-29 19:17:06
elianaanderson508,eliana.anderson508@gmail.com,96817631,2026-03-29 19:17:06
sofiaedwards509,sofia.edwards509@outlook.com,81387345,2026-03-29 19:17:06
madelyngreen510,madelyn.green510@outlook.com,68360551,2026-03-29 19:17:06
zoeyhill511,zoey.hill511@thisisanemail.com,16614836,2026-03-29 19:17:06
michaelmoore512,michael.moore512@outlook.com,57850570,2026-03-29 19:17:06
milaperez513,mila.perez513@idunno.com,22493606,2026-03-29 19:17:06
chloesanchez514,chloe.sanchez514@outlook.com,79740970,2026-03-29 19:17:06
milawatson515,mila.watson515@idunno.com,45524228,2026-03-29 19:17:06
evamorgan516,eva.morgan516@outlook.com,38115470,2026-03-29 19:17:06
elizabethevans517,elizabeth.evans517@idunno.com,18032514,2026-03-29 19:17:06
clairelee518,claire.lee518@idunno.com,83632840,2026-03-29 19:17:06
avanguyen519,ava.nguyen519@gmail.com,54120455,2026-03-29 19:17:06
delilahbrooks520,delilah.brooks520@thisisanemail.com,78499447,2026-03-29 19:17:06
josephinebrooks521,josephine.brooks521@gmail.com,84290699,2026-03-29 19:17:06
lillianhughes522,lillian.hughes522@idunno.com,86950631,2026-03-29 19:17:06
samantharobinson523,samantha.robinson523@thisisanemail.com,63946127,2026-03-29 19:17:06
lilymitchell524,lily.mitchell524@icloud.com,28022320,2026-03-29 19:17:06
josephinefoster525,josephine.foster525@outlook.com,68688665,2026-03-29 19:17:06
ellagray526,ella.gray526@thisisanemail.com,11943879,2026-03-29 19:17:06
autumnprice527,autumn.price527@icloud.com,20724677,2026-03-29 19:17:06
noraperez528,nora.perez528@idunno.com,82453562,2026-03-29 19:17:06
ryleeclark529,rylee.clark529@gmail.com,57871438,2026-03-29 19:17:06
mayakelly530,maya.kelly530@thisisanemail.com,30313412,2026-03-29 19:17:06
michaelpeterson531,michael.peterson531@gmail.com,48650806,2026-03-29 19:17:06
leahlong532,leah.long532@idunno.com,35996459,2026-03-29 19:17:06
aubreycampbell533,aubrey.campbell533@thisisanemail.com,66318637,2026-03-29 19:17:06
lydiaanderson534,lydia.anderson534@idunno.com,49487284,2026-03-29 19:17:06
aryamartin535,arya.martin535@thisisanemail.com,59791736,2026-03-29 19:17:06
ivynelson536,ivy.nelson536@idunno.com,53866382,2026-03-29 19:17:06
corareed537,cora.reed537@outlook.com,59475429,2026-03-29 19:17:06
elizabethflores538,elizabeth.flores538@thisisanemail.com,26180613,2026-03-29 19:17:06
willowstewart539,willow.stewart539@gmail.com,67601253,2026-03-29 19:17:06
vivianmiller540,vivian.miller540@thisisanemail.com,93407539,2026-03-29 19:17:06
novamendoza541,nova.mendoza541@idunno.com,49987019,2026-03-29 19:17:06
kinsleyjackson542,kinsley.jackson542@thisisanemail.com,39780574,2026-03-29 19:17:06
samanthaross543,samantha.ross543@outlook.com,76496391,2026-03-29 19:17:06
lucytaylor544,lucy.taylor544@thisisanemail.com,63082668,2026-03-29 19:17:06
rileybrown545,riley.brown545@outlook.com,93566216,2026-03-29 19:17:06
evarobinson546,eva.robinson546@thisisanemail.com,65905931,2026-03-29 19:17:06
elianaperez547,eliana.perez547@idunno.com,73179782,2026-03-29 19:17:06
oliviapatel548,olivia.patel548@idunno.com,52755776,2026-03-29 19:17:06
paisleyperez549,paisley.perez549@thisisanemail.com,60307265,2026-03-29 19:17:06
leahmartinez550,leah.martinez550@gmail.com,60921350,2026-03-29 19:17:06
naomicruz551,naomi.cruz551@outlook.com,46512866,2026-03-29 19:17:06
zoeythompson552,zoey.thompson552@icloud.com,29159571,2026-03-29 19:17:06
michaelsanders553,michael.sanders553@outlook.com,42131613,2026-03-29 19:17:06
kennedyallen554,kennedy.allen554@idunno.com,62799641,2026-03-29 19:17:06
quinntaylor555,quinn.taylor555@gmail.com,74254936,2026-03-29 19:17:06
gabriellabrown556,gabriella.brown556@thisisanemail.com,78451127,2026-03-29 19:17:06
kinsleyfoster557,kinsley.foster557@icloud.com,99174115,2026-03-29 19:17:06
violetchavez558,violet.chavez558@gmail.com,50953614,2026-03-29 19:17:06
clarataylor559,clara.taylor559@idunno.com,70237100,2026-03-29 19:17:06
oliviascott560,olivia.scott560@idunno.com,17089136,2026-03-29 19:17:06
sarahhill561,sarah.hill561@thisisanemail.com,95214984,2026-03-29 19:17:06
willowadams562,willow.adams562@icloud.com,19859707,2026-03-29 19:17:06
peytonyoung563,peyton.young563@thisisanemail.com,68753985,2026-03-29 19:17:06
leahramirez564,leah.ramirez564@idunno.com,81852654,2026-03-29 19:17:06
victoriadiaz565,victoria.diaz565@outlook.com,83483411,2026-03-29 19:17:06
isabellagutierrez566,isabella.gutierrez566@outlook.com,14703584,2026-03-29 19:17:06
akshayflores567,akshay.flores567@icloud.com,38620890,2026-03-29 19:17:06
addisonruiz568,addison.ruiz568@icloud.com,84684011,2026-03-29 19:17:06
arianamorales569,ariana.morales569@outlook.com,17586258,2026-03-29 19:17:06
naomiadams570,naomi.adams570@icloud.com,55566726,2026-03-29 19:17:06
lucyadams571,lucy.adams571@gmail.com,63857763,2026-03-29 19:17:06
novagreen572,nova.green572@gmail.com,18455160,2026-03-29 19:17:06
sadiemorgan573,sadie.morgan573@outlook.com,53761417,2026-03-29 19:17:06
paisleygonzalez574,paisley.gonzalez574@idunno.com,50279086,2026-03-29 19:17:06
savannahroberts575,savannah.roberts575@idunno.com,48536030,2026-03-29 19:17:06
lunagreen576,luna.green576@gmail.com,68623071,2026-03-29 19:17:06
evachavez577,eva.chavez577@gmail.com,35111454,2026-03-29 19:17:06
ariamoore578,aria.moore578@gmail.com,91422010,2026-03-29 19:17:06
clairejackson579,claire.jackson579@gmail.com,17782840,2026-03-29 19:17:06
hazeljohnson580,hazel.johnson580@idunno.com,65833666,2026-03-29 19:17:06
josephinegomez581,josephine.gomez581@outlook.com,90167220,2026-03-29 19:17:06
samanthaclark582,samantha.clark582@icloud.com,14217790,2026-03-29 19:17:06
naomisanders583,naomi.sanders583@gmail.com,79654902,2026-03-29 19:17:06
johnmartinez584,john.martinez584@thisisanemail.com,85451241,2026-03-29 19:17:06
harperhernandez585,harper.hernandez585@idunno.com,69067818,2026-03-29 19:17:06
lunamorgan586,luna.morgan586@icloud.com,73744073,2026-03-29 19:17:06
elenacampbell587,elena.campbell587@gmail.com,34791131,2026-03-29 19:17:06
haileyscott588,hailey.scott588@idunno.com,31530930,2026-03-29 19:17:06
bellaalvarez589,bella.alvarez589@thisisanemail.com,36398878,2026-03-29 19:17:06
camilastewart590,camila.stewart590@outlook.com,99260519,2026-03-29 19:17:06
elizabethadams591,elizabeth.adams591@gmail.com,40994455,2026-03-29 19:17:06
peytontorres592,peyton.torres592@gmail.com,36496283,2026-03-29 19:17:06
hazelross593,hazel.ross593@thisisanemail.com,76612165,2026-03-29 19:17:06
ariacox594,aria.cox594@idunno.com,80838596,2026-03-29 19:17:06
emerywhite595,emery.white595@outlook.com,46625946,2026-03-29 19:17:06
mayaward596,maya.ward596@icloud.com,28578286,2026-03-29 19:17:06
noracox597,nora.cox597@idunno.com,68731001,2026-03-29 19:17:06
stellajames598,stella.james598@gmail.com,24585941,2026-03-29 19:17:06
sarahortiz599,sarah.ortiz599@icloud.com,70524095,2026-03-29 19:17:06
willowmorgan600,willow.morgan600@idunno.com,11578790,2026-03-29 19:17:06
naomiroberts601,naomi.roberts601@gmail.com,33349447,2026-03-29 19:17:06
miathompson602,mia.thompson602@icloud.com,82711919,2026-03-29 19:17:06
naomilewis603,naomi.lewis603@icloud.com,19810228,2026-03-29 19:17:06
eleanorflores604,eleanor.flores604@thisisanemail.com,50096713,2026-03-29 19:17:06
miathompson605,mia.thompson605@icloud.com,14913113,2026-03-29 19:17:06
lucysanders606,lucy.sanders606@idunno.com,83939904,2026-03-29 19:17:06
bellahughes607,bella.hughes607@gmail.com,55095187,2026-03-29 19:17:06
peytonbennett608,peyton.bennett608@idunno.com,47365099,2026-03-29 19:17:06
lunaparker609,luna.parker609@icloud.com,37968684,2026-03-29 19:17:06
madelinerodriguez610,madeline.rodriguez610@outlook.com,53362536,2026-03-29 19:17:06
josephinegarcia611,josephine.garcia611@thisisanemail.com,94494110,2026-03-29 19:17:06
skylarhoward612,skylar.howard612@icloud.com,23451318,2026-03-29 19:17:06
mayalopez613,maya.lopez613@outlook.com,76927804,2026-03-29 19:17:06
zoejohnson614,zoe.johnson614@outlook.com,15319580,2026-03-29 19:17:06
miabrown615,mia.brown615@idunno.com,72859304,2026-03-29 19:17:06
sophierodriguez616,sophie.rodriguez616@outlook.com,54261434,2026-03-29 19:17:06
jenygomez617,jeny.gomez617@icloud.com,76328676,2026-03-29 19:17:06
ariajohnson618,aria.johnson618@idunno.com,40101713,2026-03-29 19:17:06
novapatel619,nova.patel619@idunno.com,30242412,2026-03-29 19:17:06
audreyedwards620,audrey.edwards620@idunno.com,59446524,2026-03-29 19:17:06
nevaehmorris621,nevaeh.morris621@icloud.com,40529635,2026-03-29 19:17:06
valentinarodriguez622,valentina.rodriguez622@outlook.com,27970355,2026-03-29 19:17:06
isabellanelson623,isabella.nelson623@thisisanemail.com,56269636,2026-03-29 19:17:06
gabriellaedwards624,gabriella.edwards624@icloud.com,65157081,2026-03-29 19:17:06
serenityreed625,serenity.reed625@icloud.com,78402681,2026-03-29 19:17:06
abigailnguyen626,abigail.nguyen626@icloud.com,33737223,2026-03-29 19:17:06
naomiross627,naomi.ross627@idunno.com,57481397,2026-03-29 19:17:06
elianarichardson628,eliana.richardson628@idunno.com,39197814,2026-03-29 19:17:06
hazelprice629,hazel.price629@thisisanemail.com,96415899,2026-03-29 19:17:06
sadieking630,sadie.king630@idunno.com,25971334,2026-03-29 19:17:06
sophiagutierrez631,sophia.gutierrez631@thisisanemail.com,55243239,2026-03-29 19:17:06
brooklynjackson632,brooklyn.jackson632@thisisanemail.com,91094793,2026-03-29 19:17:06
gabriellachavez633,gabriella.chavez633@icloud.com,33367711,2026-03-29 19:17:06
ivywatson634,ivy.watson634@gmail.com,73736672,2026-03-29 19:17:06
penelopegomez635,penelope.gomez635@idunno.com,33217735,2026-03-29 19:17:06
genesisthompson636,genesis.thompson636@outlook.com,84703037,2026-03-29 19:17:06
stellaflores637,stella.flores637@icloud.com,89768913,2026-03-29 19:17:06
charlottecox638,charlotte.cox638@icloud.com,92192327,2026-03-29 19:17:06
gracereed639,grace.reed639@icloud.com,57358499,2026-03-29 19:17:06
autumnreyes640,autumn.reyes640@outlook.com,93403779,2026-03-29 19:17:06
ryleecruz641,rylee.cruz641@thisisanemail.com,95919789,2026-03-29 19:17:06
rileyalvarez642,riley.alvarez642@idunno.com,24687408,2026-03-29 19:17:06
lucyward643,lucy.ward643@outlook.com,48780540,2026-03-29 19:17:06
michaeltorres644,michael.torres644@thisisanemail.com,92064449,2026-03-29 19:17:06
aaliyahkelly645,aaliyah.kelly645@idunno.com,90709814,2026-03-29 19:17:06
hannahhughes646,hannah.hughes646@thisisanemail.com,81532874,2026-03-29 19:17:06
everlychavez647,everly.chavez647@thisisanemail.com,51788482,2026-03-29 19:17:06
rubycruz648,ruby.cruz648@icloud.com,26363148,2026-03-29 19:17:06
juliawilson649,julia.wilson649@thisisanemail.com,67523362,2026-03-29 19:17:06
rubygarcia650,ruby.garcia650@outlook.com,70583708,2026-03-29 19:17:06
emilyreyes651,emily.reyes651@outlook.com,50742927,2026-03-29 19:17:06
mayathomas652,maya.thomas652@idunno.com,55681616,2026-03-29 19:17:06
sophiahoward653,sophia.howard653@idunno.com,62262101,2026-03-29 19:17:06
peytongutierrez654,peyton.gutierrez654@thisisanemail.com,36178835,2026-03-29 19:17:06
eleanorrichardson655,eleanor.richardson655@outlook.com,35862754,2026-03-29 19:17:06
miagarcia656,mia.garcia656@icloud.com,12401386,2026-03-29 19:17:06
kinsleydavis657,kinsley.davis657@gmail.com,56578263,2026-03-29 19:17:06
skylarrodriguez658,skylar.rodriguez658@icloud.com,33195112,2026-03-29 19:17:06
giannagreen659,gianna.green659@thisisanemail.com,34071698,2026-03-29 19:17:06
elliejames660,ellie.james660@thisisanemail.com,26226587,2026-03-29 19:17:06
coraadams661,cora.adams661@icloud.com,26395905,2026-03-29 19:17:06
serenitymorris662,serenity.morris662@idunno.com,20664331,2026-03-29 19:17:06
emmaramos663,emma.ramos663@gmail.com,70673004,2026-03-29 19:17:06
rubymorgan664,ruby.morgan664@icloud.com,49164007,2026-03-29 19:17:06
graceward665,grace.ward665@thisisanemail.com,92248480,2026-03-29 19:17:06
isabellasanders666,isabella.sanders666@thisisanemail.com,55004776,2026-03-29 19:17:06
sophiajames667,sophia.james667@icloud.com,69001409,2026-03-29 19:17:06
rileyrichardson668,riley.richardson668@outlook.com,16357145,2026-03-29 19:17:06
chloewood669,chloe.wood669@icloud.com,69193426,2026-03-29 19:17:06
hannahsmith670,hannah.smith670@thisisanemail.com,73012209,2026-03-29 19:17:06
eleanorkelly671,eleanor.kelly671@idunno.com,11262974,2026-03-29 19:17:06
emilymartin672,emily.martin672@gmail.com,91200143,2026-03-29 19:17:06
penelopeclark673,penelope.clark673@gmail.com,41009212,2026-03-29 19:17:06
emilygomez674,emily.gomez674@icloud.com,79645559,2026-03-29 19:17:06
lucyhoward675,lucy.howard675@outlook.com,58601639,2026-03-29 19:17:06
johnrodriguez676,john.rodriguez676@gmail.com,44918657,2026-03-29 19:17:06
kennedyallen677,kennedy.allen677@gmail.com,62227611,2026-03-29 19:17:06
penelopegomez678,penelope.gomez678@idunno.com,52107004,2026-03-29 19:17:06
charlottekim679,charlotte.kim679@icloud.com,12486499,2026-03-29 19:17:06
akshaygray680,akshay.gray680@icloud.com,19981755,2026-03-29 19:17:06
allisonnelson681,allison.nelson681@gmail.com,86039866,2026-03-29 19:17:06
emiliamyers682,emilia.myers682@gmail.com,95237077,2026-03-29 19:17:06
nataliebailey683,natalie.bailey683@icloud.com,96028124,2026-03-29 19:17:06
akshayjones684,akshay.jones684@idunno.com,29855273,2026-03-29 19:17:06
clarafoster685,clara.foster685@thisisanemail.com,42115678,2026-03-29 19:17:06
brooklynpeterson686,brooklyn.peterson686@gmail.com,44180390,2026-03-29 19:17:06
ryleeflores687,rylee.flores687@icloud.com,65653237,2026-03-29 19:17:06
sophiadiaz688,sophia.diaz688@gmail.com,84231942,2026-03-29 19:17:06
rileymorales689,riley.morales689@gmail.com,73728854,2026-03-29 19:17:06
rileycook690,riley.cook690@idunno.com,72741602,2026-03-29 19:17:06
madisoncooper691,madison.cooper691@gmail.com,93959300,2026-03-29 19:17:06
ameliayoung692,amelia.young692@icloud.com,33294287,2026-03-29 19:17:06
aaliyahbrown693,aaliyah.brown693@thisisanemail.com,74998158,2026-03-29 19:17:06
josephineperez694,josephine.perez694@idunno.com,36978506,2026-03-29 19:17:06
emerybrown695,emery.brown695@outlook.com,74995068,2026-03-29 19:17:06
novamoore696,nova.moore696@gmail.com,53769885,2026-03-29 19:17:06
elizabeththompson697,elizabeth.thompson697@idunno.com,93362630,2026-03-29 19:17:06
elizabethreed698,elizabeth.reed698@idunno.com,65559425,2026-03-29 19:17:06
giannawood699,gianna.wood699@gmail.com,72273353,2026-03-29 19:17:06
naomiwalker700,naomi.walker700@outlook.com,13911991,2026-03-29 19:17:06
sophiahall701,sophia.hall701@idunno.com,52228957,2026-03-29 19:17:06
ryleerivera702,rylee.rivera702@gmail.com,24809843,2026-03-29 19:17:06
miabrown703,mia.brown703@outlook.com,82875618,2026-03-29 19:17:06
charlotteward704,charlotte.ward704@icloud.com,91353528,2026-03-29 19:17:06
sarahgray705,sarah.gray705@outlook.com,36694592,2026-03-29 19:17:06
aubreycruz706,aubrey.cruz706@outlook.com,14419800,2026-03-29 19:17:06
mayascott707,maya.scott707@outlook.com,45951957,2026-03-29 19:17:06
eleanorgutierrez708,eleanor.gutierrez708@thisisanemail.com,60305074,2026-03-29 19:17:06
sophiajones709,sophia.jones709@outlook.com,48953884,2026-03-29 19:17:06
giannahernandez710,gianna.hernandez710@thisisanemail.com,31527073,2026-03-29 19:17:06
lunabrooks711,luna.brooks711@idunno.com,49764579,2026-03-29 19:17:06
victorialopez712,victoria.lopez712@gmail.com,89535307,2026-03-29 19:17:06
autumnjames713,autumn.james713@idunno.com,44731797,2026-03-29 19:17:06
emerycastillo714,emery.castillo714@outlook.com,76999418,2026-03-29 19:17:06
samanthalong715,samantha.long715@idunno.com,57320983,2026-03-29 19:17:06
isabellaevans716,isabella.evans716@idunno.com,85240432,2026-03-29 19:17:06
annahill717,anna.hill717@outlook.com,38250110,2026-03-29 19:17:06
ivyramirez718,ivy.ramirez718@icloud.com,32088224,2026-03-29 19:17:06
sarahmendoza719,sarah.mendoza719@thisisanemail.com,16323526,2026-03-29 19:17:06
emmapatel720,emma.patel720@outlook.com,34287941,2026-03-29 19:17:06
madelynwalker721,madelyn.walker721@icloud.com,71878984,2026-03-29 19:17:06
autumngarcia722,autumn.garcia722@gmail.com,21653283,2026-03-29 19:17:06
carolinethompson723,caroline.thompson723@gmail.com,87619126,2026-03-29 19:17:06
harperross724,harper.ross724@gmail.com,91112188,2026-03-29 19:17:06
aaliyahlopez725,aaliyah.lopez725@icloud.com,17123599,2026-03-29 19:17:06
josephineprice726,josephine.price726@outlook.com,48600561,2026-03-29 19:17:06
genesismiller727,genesis.miller727@outlook.com,75747576,2026-03-29 19:17:06
autumnturner728,autumn.turner728@thisisanemail.com,74632975,2026-03-29 19:17:06
emmakelly729,emma.kelly729@outlook.com,83976880,2026-03-29 19:17:06
emeryward730,emery.ward730@gmail.com,28937981,2026-03-29 19:17:06
emmamoore731,emma.moore731@outlook.com,57743913,2026-03-29 19:17:06
quinncook732,quinn.cook732@outlook.com,10332574,2026-03-29 19:17:06
willowking733,willow.king733@gmail.com,23560256,2026-03-29 19:17:06
sophieross734,sophie.ross734@idunno.com,59534675,2026-03-29 19:17:06
brooklynmitchell735,brooklyn.mitchell735@thisisanemail.com,29911175,2026-03-29 19:17:06
ivypeterson736,ivy.peterson736@gmail.com,67642505,2026-03-29 19:17:06
nataliereed737,natalie.reed737@idunno.com,90007190,2026-03-29 19:17:06
elizabethcook738,elizabeth.cook738@icloud.com,78232628,2026-03-29 19:17:06
rubyallen739,ruby.allen739@icloud.com,18138364,2026-03-29 19:17:06
serenitywatson740,serenity.watson740@icloud.com,60359563,2026-03-29 19:17:06
scarlettkim741,scarlett.kim741@idunno.com,17632833,2026-03-29 19:17:06
valentinaortiz742,valentina.ortiz742@outlook.com,50696848,2026-03-29 19:17:06
averyrobinson743,avery.robinson743@idunno.com,69406502,2026-03-29 19:17:06
penelopehoward744,penelope.howard744@idunno.com,29705412,2026-03-29 19:17:06
clairehill745,claire.hill745@icloud.com,43395359,2026-03-29 19:17:06
milawatson746,mila.watson746@gmail.com,76594682,2026-03-29 19:17:06
evelyncarter747,evelyn.carter747@icloud.com,83877729,2026-03-29 19:17:06
madisonfoster748,madison.foster748@outlook.com,22818998,2026-03-29 19:17:06
aaliyahevans749,aaliyah.evans749@gmail.com,58382854,2026-03-29 19:17:06
peytonedwards750,peyton.edwards750@thisisanemail.com,34159024,2026-03-29 19:17:06
islamiller751,isla.miller751@thisisanemail.com,91006932,2026-03-29 19:17:06
claratorres752,clara.torres752@icloud.com,51122207,2026-03-29 19:17:06
novatorres753,nova.torres753@outlook.com,84878621,2026-03-29 19:17:06
paisleyjohnson754,paisley.johnson754@icloud.com,62800843,2026-03-29 19:17:06
vivianevans755,vivian.evans755@idunno.com,97383224,2026-03-29 19:17:06
nataliecastillo756,natalie.castillo756@idunno.com,18176072,2026-03-29 19:17:06
aaliyahramirez757,aaliyah.ramirez757@thisisanemail.com,32942007,2026-03-29 19:17:06
islalee758,isla.lee758@idunno.com,67960488,2026-03-29 19:17:06
emmadavis759,emma.davis759@outlook.com,48462557,2026-03-29 19:17:06
ameliaramos760,amelia.ramos760@idunno.com,35014812,2026-03-29 19:17:06
madelinemorales761,madeline.morales761@icloud.com,26160411,2026-03-29 19:17:06
emilytaylor762,emily.taylor762@icloud.com,26626949,2026-03-29 19:17:06
naomismith763,naomi.smith763@icloud.com,92349115,2026-03-29 19:17:06
sofiagray764,sofia.gray764@icloud.com,47157354,2026-03-29 19:17:06
kinsleylewis765,kinsley.lewis765@idunno.com,71387896,2026-03-29 19:17:06
quinnwhite766,quinn.white766@outlook.com,95884936,2026-03-29 19:17:06
oliviaking767,olivia.king767@idunno.com,20573496,2026-03-29 19:17:06
autumnadams768,autumn.adams768@gmail.com,75923511,2026-03-29 19:17:06
harpergray769,harper.gray769@thisisanemail.com,72979579,2026-03-29 19:17:06
aurorasanchez770,aurora.sanchez770@outlook.com,16172321,2026-03-29 19:17:06
leahchavez771,leah.chavez771@thisisanemail.com,95745845,2026-03-29 19:17:06
naomiruiz772,naomi.ruiz772@thisisanemail.com,37930719,2026-03-29 19:17:06
norarichardson773,nora.richardson773@outlook.com,65240608,2026-03-29 19:17:06
ameliacastillo774,amelia.castillo774@thisisanemail.com,28109644,2026-03-29 19:17:06
elliecox775,ellie.cox775@gmail.com,37610522,2026-03-29 19:17:06
viviankim776,vivian.kim776@idunno.com,44220717,2026-03-29 19:17:06
emmawilson777,emma.wilson777@icloud.com,40276427,2026-03-29 19:17:06
kinsleymorales778,kinsley.morales778@thisisanemail.com,62321218,2026-03-29 19:17:06
abigailcarter779,abigail.carter779@gmail.com,13452125,2026-03-29 19:17:06
paisleywilliams780,paisley.williams780@outlook.com,99317951,2026-03-29 19:17:06
evelynflores781,evelyn.flores781@thisisanemail.com,57756897,2026-03-29 19:17:06
evacruz782,eva.cruz782@idunno.com,73260406,2026-03-29 19:17:06
quinnmartinez783,quinn.martinez783@idunno.com,83582800,2026-03-29 19:17:06
aryaramos784,arya.ramos784@outlook.com,76768999,2026-03-29 19:17:06
emmabailey785,emma.bailey785@thisisanemail.com,38958204,2026-03-29 19:17:06
lucyperez786,lucy.perez786@gmail.com,95325340,2026-03-29 19:17:06
autumnthompson787,autumn.thompson787@thisisanemail.com,26955125,2026-03-29 19:17:06
josephineking788,josephine.king788@icloud.com,53763152,2026-03-29 19:17:06
haileychavez789,hailey.chavez789@icloud.com,92746888,2026-03-29 19:17:06
naomiruiz790,naomi.ruiz790@thisisanemail.com,99494909,2026-03-29 19:17:06
sofiaphillips791,sofia.phillips791@outlook.com,92658807,2026-03-29 19:17:06
hannahgray792,hannah.gray792@thisisanemail.com,77111296,2026-03-29 19:17:06
novatorres793,nova.torres793@gmail.com,86760169,2026-03-29 19:17:06
paisleylewis794,paisley.lewis794@gmail.com,98533866,2026-03-29 19:17:06
laylacampbell795,layla.campbell795@icloud.com,24713509,2026-03-29 19:17:06
elianawalker796,eliana.walker796@idunno.com,48683275,2026-03-29 19:17:06
ariasmith797,aria.smith797@icloud.com,69875908,2026-03-29 19:17:06
lydiacastillo798,lydia.castillo798@outlook.com,74707628,2026-03-29 19:17:06
sarahsanchez799,sarah.sanchez799@icloud.com,83378324,2026-03-29 19:17:06
jenyroberts800,jeny.roberts800@outlook.com,22611763,2026-03-29 19:17:06
carolinemorales801,caroline.morales801@gmail.com,37458940,2026-03-29 19:17:06
ariadavis802,aria.davis802@gmail.com,16024964,2026-03-29 19:17:06
hazelphillips803,hazel.phillips803@outlook.com,65650277,2026-03-29 19:17:06
chloeallen804,chloe.allen804@thisisanemail.com,55420418,2026-03-29 19:17:06
samantharichardson805,samantha.richardson805@icloud.com,99841199,2026-03-29 19:17:06
kennedybailey806,kennedy.bailey806@outlook.com,56691675,2026-03-29 19:17:06
ameliagonzalez807,amelia.gonzalez807@idunno.com,84061062,2026-03-29 19:17:06
abigailgomez808,abigail.gomez808@icloud.com,11007118,2026-03-29 19:17:06
autumnmyers809,autumn.myers809@icloud.com,33774600,2026-03-29 19:17:06
brooklynmartinez810,brooklyn.martinez810@thisisanemail.com,39827700,2026-03-29 19:17:06
norarogers811,nora.rogers811@outlook.com,67435812,2026-03-29 19:17:06
violetanderson812,violet.anderson812@icloud.com,75389821,2026-03-29 19:17:06
sofiagreen813,sofia.green813@thisisanemail.com,85436764,2026-03-29 19:17:06
milajames814,mila.james814@outlook.com,95980464,2026-03-29 19:17:06
madelinehill815,madeline.hill815@thisisanemail.com,27713033,2026-03-29 19:17:06
willowchavez816,willow.chavez816@icloud.com,24515448,2026-03-29 19:17:06
gabriellamoore817,gabriella.moore817@gmail.com,31181967,2026-03-29 19:17:06
nevaehcollins818,nevaeh.collins818@idunno.com,29301859,2026-03-29 19:17:06
sophialopez819,sophia.lopez819@thisisanemail.com,32793684,2026-03-29 19:17:06
clarapatel820,clara.patel820@icloud.com,18770117,2026-03-29 19:17:06
avaturner821,ava.turner821@thisisanemail.com,83810227,2026-03-29 19:17:06
novatorres822,nova.torres822@thisisanemail.com,93235626,2026-03-29 19:17:06
everlycook823,everly.cook823@thisisanemail.com,57204533,2026-03-29 19:17:06
audreypeterson824,audrey.peterson824@icloud.com,72065829,2026-03-29 19:17:06
adelineruiz825,adeline.ruiz825@thisisanemail.com,79248317,2026-03-29 19:17:06
peytonwilson826,peyton.wilson826@outlook.com,86369113,2026-03-29 19:17:06
violetrivera827,violet.rivera827@thisisanemail.com,63137354,2026-03-29 19:17:06
nataliehughes828,natalie.hughes828@idunno.com,72270596,2026-03-29 19:17:06
evamendoza829,eva.mendoza829@gmail.com,93846096,2026-03-29 19:17:06
novakim830,nova.kim830@outlook.com,13065702,2026-03-29 19:17:06
stellamartinez831,stella.martinez831@icloud.com,70253344,2026-03-29 19:17:06
akshaybrooks832,akshay.brooks832@gmail.com,35038243,2026-03-29 19:17:06
johncruz833,john.cruz833@icloud.com,53914936,2026-03-29 19:17:06
allisonmendoza834,allison.mendoza834@idunno.com,88400503,2026-03-29 19:17:06
audreyramos835,audrey.ramos835@icloud.com,30374788,2026-03-29 19:17:06
bellamartin836,bella.martin836@idunno.com,17100439,2026-03-29 19:17:06
leahreed837,leah.reed837@icloud.com,74313098,2026-03-29 19:17:06
emiliawhite838,emilia.white838@idunno.com,92508635,2026-03-29 19:17:06
laylabrooks839,layla.brooks839@idunno.com,10539946,2026-03-29 19:17:06
brooklyncooper840,brooklyn.cooper840@thisisanemail.com,79126475,2026-03-29 19:17:06
lillianflores841,lillian.flores841@outlook.com,16481735,2026-03-29 19:17:06
lilygutierrez842,lily.gutierrez842@idunno.com,16026511,2026-03-29 19:17:06
victorialewis843,victoria.lewis843@gmail.com,29657868,2026-03-29 19:17:06
aubreyharris844,aubrey.harris844@gmail.com,88944149,2026-03-29 19:17:06
victoriacox845,victoria.cox845@icloud.com,91580667,2026-03-29 19:17:06
lucylong846,lucy.long846@thisisanemail.com,43013809,2026-03-29 19:17:06
oliviaevans847,olivia.evans847@gmail.com,96362558,2026-03-29 19:17:06
claraphillips848,clara.phillips848@outlook.com,94681552,2026-03-29 19:17:06
savannahflores849,savannah.flores849@outlook.com,44354952,2026-03-29 19:17:06
chloecook850,chloe.cook850@icloud.com,52699774,2026-03-29 19:17:06
lilymorris851,lily.morris851@gmail.com,84528719,2026-03-29 19:17:06
emiliacampbell852,emilia.campbell852@idunno.com,88462822,2026-03-29 19:17:06
savannahsanchez853,savannah.sanchez853@idunno.com,89322284,2026-03-29 19:17:06
naomijames854,naomi.james854@idunno.com,97340594,2026-03-29 19:17:06
ryleemyers855,rylee.myers855@idunno.com,10730293,2026-03-29 19:17:06
lillianrichardson856,lillian.richardson856@thisisanemail.com,57608315,2026-03-29 19:17:06
stellawilson857,stella.wilson857@idunno.com,57843570,2026-03-29 19:17:06
zoeycruz858,zoey.cruz858@thisisanemail.com,83649385,2026-03-29 19:17:06
emiliacruz859,emilia.cruz859@thisisanemail.com,52599080,2026-03-29 19:17:06
kinsleysanders860,kinsley.sanders860@icloud.com,79465116,2026-03-29 19:17:06
genesismendoza861,genesis.mendoza861@idunno.com,72138536,2026-03-29 19:17:06
carolinealvarez862,caroline.alvarez862@thisisanemail.com,56114333,2026-03-29 19:17:06
gabriellahall863,gabriella.hall863@outlook.com,35445953,2026-03-29 19:17:06
giannagarcia864,gianna.garcia864@thisisanemail.com,91028927,2026-03-29 19:17:06
skylarroberts865,skylar.roberts865@icloud.com,89010641,2026-03-29 19:17:06
genesisbaker866,genesis.baker866@outlook.com,33367731,2026-03-29 19:17:06
juliarivera867,julia.rivera867@gmail.com,38695517,2026-03-29 19:17:06
laylareed868,layla.reed868@gmail.com,14876623,2026-03-29 19:17:06
sadiesanchez869,sadie.sanchez869@outlook.com,59198291,2026-03-29 19:17:06
paisleylopez870,paisley.lopez870@thisisanemail.com,28454025,2026-03-29 19:17:06
giannahill871,gianna.hill871@idunno.com,77646343,2026-03-29 19:17:06
madelynjackson872,madelyn.jackson872@gmail.com,49840027,2026-03-29 19:17:06
nataliebailey873,natalie.bailey873@idunno.com,10277684,2026-03-29 19:17:06
brooklynmiller874,brooklyn.miller874@idunno.com,38531394,2026-03-29 19:17:06
addisonhall875,addison.hall875@gmail.com,33986159,2026-03-29 19:17:06
emmaturner876,emma.turner876@outlook.com,61062844,2026-03-29 19:17:06
hannahphillips877,hannah.phillips877@outlook.com,65261776,2026-03-29 19:17:06
ariayoung878,aria.young878@thisisanemail.com,90793167,2026-03-29 19:17:06
eleanorward879,eleanor.ward879@icloud.com,44077509,2026-03-29 19:17:06
hazelprice880,hazel.price880@gmail.com,32790366,2026-03-29 19:17:06
kinsleylewis881,kinsley.lewis881@thisisanemail.com,93037797,2026-03-29 19:17:06
emmasanders882,emma.sanders882@thisisanemail.com,99224378,2026-03-29 19:17:06
arianadavis883,ariana.davis883@gmail.com,58390030,2026-03-29 19:17:06
bellaruiz884,bella.ruiz884@icloud.com,83822449,2026-03-29 19:17:06
leahbrown885,leah.brown885@outlook.com,15516385,2026-03-29 19:17:06
clarachavez886,clara.chavez886@outlook.com,48771514,2026-03-29 19:17:06
lunaallen887,luna.allen887@idunno.com,70658282,2026-03-29 19:17:06
leahjones888,leah.jones888@icloud.com,88909168,2026-03-29 19:17:06
carolinedavis889,caroline.davis889@idunno.com,30784165,2026-03-29 19:17:06
jenyroberts890,jeny.roberts890@thisisanemail.com,13074150,2026-03-29 19:17:06
zoeybaker891,zoey.baker891@gmail.com,54161887,2026-03-29 19:17:06
skylarnelson892,skylar.nelson892@idunno.com,81155861,2026-03-29 19:17:06
elliecooper893,ellie.cooper893@outlook.com,53716865,2026-03-29 19:17:06
isabellagray894,isabella.gray894@outlook.com,54068994,2026-03-29 19:17:06
giannapeterson895,gianna.peterson895@icloud.com,84319817,2026-03-29 19:17:06
emerychavez896,emery.chavez896@idunno.com,66853041,2026-03-29 19:17:06
hannahpatel897,hannah.patel897@icloud.com,24651063,2026-03-29 19:17:06
arianacooper898,ariana.cooper898@thisisanemail.com,88303730,2026-03-29 19:17:06
arianawood899,ariana.wood899@gmail.com,51640594,2026-03-29 19:17:06
oliviamorris900,olivia.morris900@outlook.com,10927927,2026-03-29 19:17:06
emiliacastillo901,emilia.castillo901@thisisanemail.com,25788869,2026-03-29 19:17:06
emerywhite902,emery.white902@icloud.com,86679673,2026-03-29 19:17:06
sarahjames903,sarah.james903@outlook.com,13671748,2026-03-29 19:17:06
arianahernandez904,ariana.hernandez904@icloud.com,42147520,2026-03-29 19:17:06
chloewood905,chloe.wood905@outlook.com,58617173,2026-03-29 19:17:06
avaturner906,ava.turner906@idunno.com,91549358,2026-03-29 19:17:06
rubyreed907,ruby.reed907@idunno.com,91468435,2026-03-29 19:17:06
ameliasanchez908,amelia.sanchez908@gmail.com,31090127,2026-03-29 19:17:06
victoriamartin909,victoria.martin909@outlook.com,66802544,2026-03-29 19:17:06
haileyphillips910,hailey.phillips910@icloud.com,97336680,2026-03-29 19:17:06
violetflores911,violet.flores911@icloud.com,91680008,2026-03-29 19:17:06
brooklynwatson912,brooklyn.watson912@icloud.com,47952253,2026-03-29 19:17:06
claireflores913,claire.flores913@icloud.com,88392163,2026-03-29 19:17:06
autumnwhite914,autumn.white914@idunno.com,66980671,2026-03-29 19:17:06
evaortiz915,eva.ortiz915@thisisanemail.com,92502027,2026-03-29 19:17:06
eleanorthompson916,eleanor.thompson916@icloud.com,21918550,2026-03-29 19:17:06
averywilliams917,avery.williams917@idunno.com,61339338,2026-03-29 19:17:06
rileymartinez918,riley.martinez918@thisisanemail.com,53634625,2026-03-29 19:17:06
scarletthernandez919,scarlett.hernandez919@thisisanemail.com,84665938,2026-03-29 19:17:06
delilahstewart920,delilah.stewart920@thisisanemail.com,31261992,2026-03-29 19:17:06
jenyhoward921,jeny.howard921@gmail.com,61480165,2026-03-29 19:17:06
lilybennett922,lily.bennett922@gmail.com,58463093,2026-03-29 19:17:06
evathomas923,eva.thomas923@idunno.com,19577647,2026-03-29 19:17:06
zoewalker924,zoe.walker924@idunno.com,45686822,2026-03-29 19:17:06
lunacampbell925,luna.campbell925@idunno.com,42010481,2026-03-29 19:17:06
scarlettmiller926,scarlett.miller926@outlook.com,38418733,2026-03-29 19:17:06
arianagomez927,ariana.gomez927@icloud.com,34471933,2026-03-29 19:17:06
quinnward928,quinn.ward928@idunno.com,79566393,2026-03-29 19:17:06
josephinenelson929,josephine.nelson929@idunno.com,21800028,2026-03-29 19:17:06
hannahtaylor930,hannah.taylor930@idunno.com,35888333,2026-03-29 19:17:06
abigailrodriguez931,abigail.rodriguez931@idunno.com,29290530,2026-03-29 19:17:06
audreybennett932,audrey.bennett932@thisisanemail.com,44126690,2026-03-29 19:17:06
laylamiller933,layla.miller933@idunno.com,28640710,2026-03-29 19:17:06
chloefoster934,chloe.foster934@thisisanemail.com,33483975,2026-03-29 19:17:06
chloecampbell935,chloe.campbell935@idunno.com,30855354,2026-03-29 19:17:06
annaallen936,anna.allen936@thisisanemail.com,27807745,2026-03-29 19:17:06
aurorasanders937,aurora.sanders937@icloud.com,43329633,2026-03-29 19:17:06
gabriellasmith938,gabriella.smith938@thisisanemail.com,83164729,2026-03-29 19:17:06
isabellaflores939,isabella.flores939@thisisanemail.com,28287298,2026-03-29 19:17:06
lilylee940,lily.lee940@idunno.com,42285944,2026-03-29 19:17:06
averymitchell941,avery.mitchell941@icloud.com,98099429,2026-03-29 19:17:06
avajohnson942,ava.johnson942@idunno.com,63272781,2026-03-29 19:17:06
abigailsmith943,abigail.smith943@outlook.com,39390913,2026-03-29 19:17:06
valentinaortiz944,valentina.ortiz944@thisisanemail.com,26009469,2026-03-29 19:17:06
bellamartinez945,bella.martinez945@outlook.com,67856399,2026-03-29 19:17:06
laylakelly946,layla.kelly946@thisisanemail.com,78780594,2026-03-29 19:17:06
savannahrivera947,savannah.rivera947@gmail.com,42870564,2026-03-29 19:17:06
avamendoza948,ava.mendoza948@thisisanemail.com,66046797,2026-03-29 19:17:06
bellajames949,bella.james949@icloud.com,47441666,2026-03-29 19:17:06
valentinacarter950,valentina.carter950@gmail.com,60608672,2026-03-29 19:17:06
serenitycollins951,serenity.collins951@idunno.com,21132117,2026-03-29 19:17:06
zoeymoore952,zoey.moore952@outlook.com,65922906,2026-03-29 19:17:06
novaprice953,nova.price953@idunno.com,60543620,2026-03-29 19:17:06
leahpeterson954,leah.peterson954@thisisanemail.com,67232445,2026-03-29 19:17:06
chloeross955,chloe.ross955@icloud.com,10817284,2026-03-29 19:17:06
coramoore956,cora.moore956@thisisanemail.com,49792163,2026-03-29 19:17:06
elenaparker957,elena.parker957@gmail.com,11049727,2026-03-29 19:17:06
lilydiaz958,lily.diaz958@icloud.com,47638214,2026-03-29 19:17:06
naomijames959,naomi.james959@gmail.com,27949690,2026-03-29 19:17:06
sophiamartin960,sophia.martin960@icloud.com,33254207,2026-03-29 19:17:06
claracooper961,clara.cooper961@thisisanemail.com,10549854,2026-03-29 19:17:06
elizabethrobinson962,elizabeth.robinson962@icloud.com,65462772,2026-03-29 19:17:06
islaruiz963,isla.ruiz963@icloud.com,14695540,2026-03-29 19:17:06
madelinereed964,madeline.reed964@gmail.com,90726831,2026-03-29 19:17:06
akshaymorgan965,akshay.morgan965@outlook.com,83032995,2026-03-29 19:17:06
piperrogers966,piper.rogers966@idunno.com,86618828,2026-03-29 19:17:06
charlottecruz967,charlotte.cruz967@idunno.com,94413259,2026-03-29 19:17:06
zoeykim968,zoey.kim968@icloud.com,40201598,2026-03-29 19:17:06
lucygomez969,lucy.gomez969@icloud.com,90109012,2026-03-29 19:17:06
elenalopez970,elena.lopez970@gmail.com,33647571,2026-03-29 19:17:06
elenawright971,elena.wright971@idunno.com,96781639,2026-03-29 19:17:06
kennedyramirez972,kennedy.ramirez972@gmail.com,18911470,2026-03-29 19:17:06
carolinebrown973,caroline.brown973@icloud.com,43016942,2026-03-29 19:17:06
savannahrobinson974,savannah.robinson974@gmail.com,30912550,2026-03-29 19:17:06
aryaedwards975,arya.edwards975@icloud.com,55317267,2026-03-29 19:17:06
ameliabrooks976,amelia.brooks976@idunno.com,74485199,2026-03-29 19:17:06
willowevans977,willow.evans977@idunno.com,72196562,2026-03-29 19:17:06
elizabethcastillo978,elizabeth.castillo978@gmail.com,93198631,2026-03-29 19:17:06
abigailalvarez979,abigail.alvarez979@gmail.com,72819974,2026-03-29 19:17:06
gracewood980,grace.wood980@idunno.com,32648460,2026-03-29 19:17:06
skylarjohnson981,skylar.johnson981@icloud.com,16031392,2026-03-29 19:17:06
addisonbennett982,addison.bennett982@thisisanemail.com,49740513,2026-03-29 19:17:06
kennedyrodriguez983,kennedy.rodriguez983@idunno.com,91857067,2026-03-29 19:17:06
leahwilson984,leah.wilson984@outlook.com,93269599,2026-03-29 19:17:06
milabaker985,mila.baker985@gmail.com,92301712,2026-03-29 19:17:06
laylabailey986,layla.bailey986@idunno.com,54750982,2026-03-29 19:17:06
skylargomez987,skylar.gomez987@idunno.com,19354412,2026-03-29 19:17:06
penelopenguyen988,penelope.nguyen988@idunno.com,86738750,2026-03-29 19:17:06
gracegomez989,grace.gomez989@thisisanemail.com,61594934,2026-03-29 19:17:06
ivyrogers990,ivy.rogers990@icloud.com,82496750,2026-03-29 19:17:06
harperbaker991,harper.baker991@idunno.com,57900832,2026-03-29 19:17:06
delilahmitchell992,delilah.mitchell992@idunno.com,96772582,2026-03-29 19:17:06
isabellataylor993,isabella.taylor993@thisisanemail.com,66396445,2026-03-29 19:17:06
sophieprice994,sophie.price994@thisisanemail.com,28106702,2026-03-29 19:17:06
mayaperez995,maya.perez995@idunno.com,16311754,2026-03-29 19:17:06
johnortiz996,john.ortiz996@gmail.com,51943747,2026-03-29 19:17:06
skylarthompson997,skylar.thompson997@gmail.com,53788081,2026-03-29 19:17:06
sophiawalker998,sophia.walker998@outlook.com,83773259,2026-03-29 19:17:06
lillianmorales999,lillian.morales999@thisisanemail.com,13923118,2026-03-29 19:17:06
nevaehpatel1000,nevaeh.patel1000@outlook.com,77148410,2026-03-29 19:17:06
quinntorres1001,quinn.torres1001@icloud.com,95003290,2026-03-29 19:17:06
lunaflores1002,luna.flores1002@thisisanemail.com,53759310,2026-03-29 19:17:06
